[
 {
   "id": "200bd088-646d-4699-a54a-5f86c3dcd789",
   "countryname": "Belgium",
   "countrycode": "BE",
   "countrycode3": "BEL",
   "dialcode": "32",
   "capital": "Brussels",
   "continentcode": "EU",
   "area": 305100,
   "population": 10403000,
   "lat": 50.503887,
   "lng": 4.469936,
   "currencycode": "EUR",
   "currencyname": "Euro",
   "tld": ".be",
   "languages": "nl-BE,fr-BE,de-BE"
 },
 {
   "id": "14a4b6de-9a42-400c-b9ea-60b13c204534",
   "countryname": "Burkina Faso",
   "countrycode": "BF",
   "countrycode3": "BFA",
   "dialcode": "226",
   "capital": "Ouagadougou",
   "continentcode": "AF",
   "area": 2742000,
   "population": 16241811,
   "lat": 12.238333,
   "lng": -1.561593,
   "currencycode": "XOF",
   "currencyname": "CFA Franc BCEAO",
   "tld": ".bf",
   "languages": "fr-BF"
 },
 {
   "id": "c5155aa6-d676-47bd-80a8-0ce4b8c28ffc",
   "countryname": "Bulgaria",
   "countrycode": "BG",
   "countrycode3": "BGR",
   "dialcode": "359",
   "capital": "Sofia",
   "continentcode": "EU",
   "area": 1109100,
   "population": 7000039,
   "lat": 42.733883,
   "lng": 25.48583,
   "currencycode": "BGN",
   "currencyname": "Bulgarian Lev",
   "tld": ".bg",
   "languages": "bg,tr-BG,rom"
 },
 {
   "id": "2176a5da-c506-4509-b18f-c2f03c9f3083",
   "countryname": "Bahrain",
   "countrycode": "BH",
   "countrycode3": "BHR",
   "dialcode": "973",
   "capital": "Manama",
   "continentcode": "AS",
   "area": 6650,
   "population": 738004,
   "lat": 25.930414,
   "lng": 50.637772,
   "currencycode": "BHD",
   "currencyname": "Bahraini Dinar",
   "tld": ".bh",
   "languages": "ar-BH,en,fa,ur"
 },
 {
   "id": "824e3637-a01e-4eec-8467-3cb6cbde301e",
   "countryname": "Burundi",
   "countrycode": "BI",
   "countrycode3": "BDI",
   "dialcode": "257",
   "capital": "Gitega",
   "continentcode": "AF",
   "area": 278300,
   "population": 9863117,
   "lat": -3.373056,
   "lng": 29.918886,
   "currencycode": "BIF",
   "currencyname": "Burundi Franc",
   "tld": ".bi",
   "languages": "fr-BI,rn"
 },
 {
   "id": "ca7da922-e4a5-4592-b01e-ebefbaf5056e",
   "countryname": "Benin",
   "countrycode": "BJ",
   "countrycode3": "BEN",
   "dialcode": "229",
   "capital": "Porto-Novo",
   "continentcode": "AF",
   "area": 1126200,
   "population": 9056010,
   "lat": 9.30769,
   "lng": 2.315834,
   "currencycode": "XOF",
   "currencyname": "CFA Franc BCEAO",
   "tld": ".bj",
   "languages": "fr-BJ"
 },
 {
   "id": "e9c658e0-3620-4d9b-9353-4904f05a01e1",
   "countryname": "Bermuda",
   "countrycode": "BM",
   "countrycode3": "BMU",
   "dialcode": "1-441",
   "capital": "Hamilton",
   "continentcode": "NA",
   "area": 530,
   "population": 65365,
   "lat": 32.321384,
   "lng": -64.75737,
   "currencycode": "BMD",
   "currencyname": "Bermudian Dollar",
   "tld": ".bm",
   "languages": "en-BM,pt"
 },
 {
   "id": "c38c26d4-448a-4224-92bb-757e8c6a2c5f",
   "countryname": "Brunei",
   "countrycode": "BN",
   "countrycode3": "BRN",
   "dialcode": "673",
   "capital": "Bandar Seri Begawan",
   "continentcode": "AS",
   "area": 57700,
   "population": 395027,
   "lat": 4.535277,
   "lng": 114.727669,
   "currencycode": "BND",
   "currencyname": "Brunei Dollar",
   "tld": ".bn",
   "languages": "ms-BN,en-BN"
 },
 {
   "id": "87e1e43e-5808-4969-be99-2cd2a36c44a6",
   "countryname": "Bolivia",
   "countrycode": "BO",
   "countrycode3": "BOL",
   "dialcode": "591",
   "capital": "Sucre",
   "continentcode": "SA",
   "area": 10985800,
   "population": 9947418,
   "lat": -16.290154,
   "lng": -63.588653,
   "currencycode": "BOB",
   "currencyname": "Boliviano",
   "tld": ".bo",
   "languages": "es-BO,qu,ay"
 },
 {
   "id": "4ab9fece-58f5-4df1-9154-fd8fec137464",
   "countryname": "Brazil",
   "countrycode": "BR",
   "countrycode3": "BRA",
   "dialcode": "55",
   "capital": "Brasilia",
   "continentcode": "SA",
   "area": 85119650,
   "population": 201103330,
   "lat": -14.235004,
   "lng": -51.92528,
   "currencycode": "BRL",
   "currencyname": "Brazilian Real",
   "tld": ".br",
   "languages": "pt-BR,es,en,fr"
 },
 {
   "id": "fefad91d-e226-4ede-b9ca-9dfaa4791146",
   "countryname": "Bahamas",
   "countrycode": "BS",
   "countrycode3": "BHS",
   "dialcode": "1-242",
   "capital": "Nassau",
   "continentcode": "NA",
   "area": 139400,
   "population": 301790,
   "lat": 25.03428,
   "lng": -77.39628,
   "currencycode": "BSD",
   "currencyname": "Bahamian Dollar",
   "tld": ".bs",
   "languages": "en-BS"
 },
 {
   "id": "0a436c2e-a1f7-40a1-b435-5f30ef2b2760",
   "countryname": "Bhutan",
   "countrycode": "BT",
   "countrycode3": "BTN",
   "dialcode": "975",
   "capital": "Thimphu",
   "continentcode": "AS",
   "area": 470000,
   "population": 699847,
   "lat": 27.514162,
   "lng": 90.433601,
   "currencycode": "INR",
   "currencyname": "Indian Rupee",
   "tld": ".bt",
   "languages": "dz"
 },
 {
   "id": "606b17df-81d5-43e3-8ad7-5b88d40d1c68",
   "countryname": "Bouvet Island",
   "countrycode": "BV",
   "countrycode3": "BVT",
   "dialcode": "47",
   "capital": "",
   "continentcode": "AN",
   "area": 490,
   "population": 0,
   "lat": -54.423199,
   "lng": 3.413194,
   "currencycode": "",
   "currencyname": "",
   "tld": ".bv",
   "languages": ""
 },
 {
   "id": "e4175713-21c9-42e3-a75f-a52011d72681",
   "countryname": "Botswana",
   "countrycode": "BW",
   "countrycode3": "BWA",
   "dialcode": "267",
   "capital": "Gaborone",
   "continentcode": "AF",
   "area": 6003700,
   "population": 2029307,
   "lat": -22.328474,
   "lng": 24.684866,
   "currencycode": "BWP",
   "currencyname": "Pula",
   "tld": ".bw",
   "languages": "en-BW,tn-BW"
 },
 {
   "id": "0f537504-d329-4d5d-9c57-e8476152f949",
   "countryname": "Belarus",
   "countrycode": "BY",
   "countrycode3": "BLR",
   "dialcode": "375",
   "capital": "Minsk",
   "continentcode": "EU",
   "area": 2076000,
   "population": 9685000,
   "lat": 53.709807,
   "lng": 27.953389,
   "currencycode": "BYR",
   "currencyname": "Belarussian Ruble",
   "tld": ".by",
   "languages": "be,ru"
 },
 {
   "id": "7f39e71b-2b2b-4f8b-92b1-1fb3e6669de2",
   "countryname": "Belize",
   "countrycode": "BZ",
   "countrycode3": "BLZ",
   "dialcode": "501",
   "capital": "Belmopan",
   "continentcode": "NA",
   "area": 229660,
   "population": 314522,
   "lat": 17.189877,
   "lng": -88.49765,
   "currencycode": "BZD",
   "currencyname": "Belize Dollar",
   "tld": ".bz",
   "languages": "en-BZ,es"
 },
 {
   "id": "4c06dbeb-ac8f-4a42-8b30-856d6d807fc0",
   "countryname": "Canada",
   "countrycode": "CA",
   "countrycode3": "CAN",
   "dialcode": "1",
   "capital": "Ottawa",
   "continentcode": "NA",
   "area": 99846700,
   "population": 33679000,
   "lat": 56.130366,
   "lng": -106.346771,
   "currencycode": "CAD",
   "currencyname": "Canadian Dollar",
   "tld": ".ca",
   "languages": "en-CA,fr-CA,iu"
 },
 {
   "id": "da882bf2-75e7-4ba7-a323-5dc0075eb538",
   "countryname": "Cocos [Keeling] Islands",
   "countrycode": "CC",
   "countrycode3": "CCK",
   "dialcode": "61",
   "capital": "West Island",
   "continentcode": "AS",
   "area": 140,
   "population": 628,
   "lat": -12.164165,
   "lng": 96.870956,
   "currencycode": "",
   "currencyname": "",
   "tld": ".cc",
   "languages": "ms-CC,en"
 },
 {
   "id": "6eb487ee-e424-44ba-bad6-5234c74c9740",
   "countryname": "Democratic Republic of the Congo",
   "countrycode": "CD",
   "countrycode3": "COD",
   "dialcode": "243",
   "capital": "Kinshasa",
   "continentcode": "AF",
   "area": 23454100,
   "population": 70916439,
   "lat": -4.038333,
   "lng": 21.758664,
   "currencycode": "",
   "currencyname": "",
   "tld": ".cd",
   "languages": "fr-CD,ln,kg"
 },
 {
   "id": "436061b9-b143-4dfb-b59d-1ae470a5f863",
   "countryname": "Central African Republic",
   "countrycode": "CF",
   "countrycode3": "CAF",
   "dialcode": "236",
   "capital": "Bangui",
   "continentcode": "AF",
   "area": 6229840,
   "population": 4844927,
   "lat": 6.611111,
   "lng": 20.939444,
   "currencycode": "XAF",
   "currencyname": "CFA Franc BEAC",
   "tld": ".cf",
   "languages": "fr-CF,sg,ln,kg"
 },
 {
   "id": "eeea8608-48b0-4da8-b978-40c05ce0ac96",
   "countryname": "Republic of the Congo",
   "countrycode": "CG",
   "countrycode3": "COG",
   "dialcode": "242",
   "capital": "Brazzaville",
   "continentcode": "AF",
   "area": 3420000,
   "population": 3039126,
   "lat": -0.228021,
   "lng": 15.827659,
   "currencycode": "XAF",
   "currencyname": "CFA Franc BEAC",
   "tld": ".cg",
   "languages": "fr-CG,kg,ln-CG"
 },
 {
   "id": "e7d0af7f-a358-4024-9c85-5b99fa66bc54",
   "countryname": "Switzerland",
   "countrycode": "CH",
   "countrycode3": "CHE",
   "dialcode": "41",
   "capital": "Bern",
   "continentcode": "EU",
   "area": 412900,
   "population": 8484100,
   "lat": 46.818188,
   "lng": 8.227512,
   "currencycode": "CHF",
   "currencyname": "Swiss Franc",
   "tld": ".ch",
   "languages": "de-CH,fr-CH,it-CH,rm"
 },
 {
   "id": "bb57d7cb-5171-4677-91e1-0a61f686a2ad",
   "countryname": "Ivory Coast",
   "countrycode": "CI",
   "countrycode3": "CIV",
   "dialcode": "225",
   "capital": "Yamoussoukro",
   "continentcode": "AF",
   "area": 3224600,
   "population": 21058798,
   "lat": 7.539989,
   "lng": -5.54708,
   "currencycode": "XOF",
   "currencyname": "CFA Franc BCEAO",
   "tld": ".ci",
   "languages": "fr-CI"
 },
 {
   "id": "994e6941-02c2-4fe4-991a-1714b9727415",
   "countryname": "Cook Islands",
   "countrycode": "CK",
   "countrycode3": "COK",
   "dialcode": "682",
   "capital": "Avarua",
   "continentcode": "OC",
   "area": 2400,
   "population": 21388,
   "lat": -21.236736,
   "lng": -159.777671,
   "currencycode": "NZD",
   "currencyname": "New Zealand Dollar",
   "tld": ".ck",
   "languages": "en-CK,mi"
 },
 {
   "id": "67c279cb-141b-407a-b19e-bec0ade17aef",
   "countryname": "Chile",
   "countrycode": "CL",
   "countrycode3": "CHL",
   "dialcode": "56",
   "capital": "Santiago",
   "continentcode": "SA",
   "area": 7569500,
   "population": 16746491,
   "lat": -35.675147,
   "lng": -71.542969,
   "currencycode": "CLP",
   "currencyname": "Chilean Peso",
   "tld": ".cl",
   "languages": "es-CL"
 },
 {
   "id": "27185cf1-c256-453c-a6cf-aae18f3c2f09",
   "countryname": "Cameroon",
   "countrycode": "CM",
   "countrycode3": "CMR",
   "dialcode": "237",
   "capital": "Yaounde",
   "continentcode": "AF",
   "area": 4754400,
   "population": 19294149,
   "lat": 7.369722,
   "lng": 12.354722,
   "currencycode": "XAF",
   "currencyname": "CFA Franc BEAC",
   "tld": ".cm",
   "languages": "en-CM,fr-CM"
 },
 {
   "id": "55ebef88-bdf1-4a7c-81ca-80a424e3ed08",
   "countryname": "China",
   "countrycode": "CN",
   "countrycode3": "CHN",
   "dialcode": "86",
   "capital": "Beijing",
   "continentcode": "AS",
   "area": 95969600,
   "population": 1330044000,
   "lat": 35.86166,
   "lng": 104.195397,
   "currencycode": "CNY",
   "currencyname": "Yuan Renminbi",
   "tld": ".cn",
   "languages": "zh-CN,yue,wuu,dta,ug,za"
 },
 {
   "id": "83a46899-782f-418a-92de-138ee675368c",
   "countryname": "Colombia",
   "countrycode": "CO",
   "countrycode3": "COL",
   "dialcode": "57",
   "capital": "Bogota",
   "continentcode": "SA",
   "area": 11389100,
   "population": 47790000,
   "lat": 4.570868,
   "lng": -74.297333,
   "currencycode": "COP",
   "currencyname": "Colombian Peso",
   "tld": ".co",
   "languages": "es-CO"
 },
 {
   "id": "ee592aa6-a725-43f0-a29a-ef3b1b884b93",
   "countryname": "Costa Rica",
   "countrycode": "CR",
   "countrycode3": "CRI",
   "dialcode": "506",
   "capital": "San Jose",
   "continentcode": "NA",
   "area": 511000,
   "population": 4516220,
   "lat": 9.748917,
   "lng": -83.753428,
   "currencycode": "CRC",
   "currencyname": "Costa Rican Colon",
   "tld": ".cr",
   "languages": "es-CR,en"
 },
 {
   "id": "7351de57-ff88-4dad-ac45-e5a61d508710",
   "countryname": "Cuba",
   "countrycode": "CU",
   "countrycode3": "CUB",
   "dialcode": "53",
   "capital": "Havana",
   "continentcode": "NA",
   "area": 1108600,
   "population": 11423000,
   "lat": 21.521757,
   "lng": -77.781167,
   "currencycode": "CUP",
   "currencyname": "Cuban Peso",
   "tld": ".cu",
   "languages": "es-CU"
 },
 {
   "id": "1f3fcbe6-7504-4f55-9b09-d87acc7ead7a",
   "countryname": "Cabo Verde",
   "countrycode": "CV",
   "countrycode3": "CPV",
   "dialcode": "238",
   "capital": "Praia",
   "continentcode": "AF",
   "area": 40330,
   "population": 508659,
   "lat": 16.002082,
   "lng": -24.013197,
   "currencycode": "CVE",
   "currencyname": "Cabo Verde Escudo",
   "tld": ".cv",
   "languages": "pt-CV"
 },
 {
   "id": "18aa0751-286e-4674-9525-c4ec6818d164",
   "countryname": "Christmas Island",
   "countrycode": "CX",
   "countrycode3": "CXR",
   "dialcode": "61",
   "capital": "Flying Fish Cove",
   "continentcode": "OC",
   "area": 1350,
   "population": 1500,
   "lat": -10.447525,
   "lng": 105.690449,
   "currencycode": "",
   "currencyname": "",
   "tld": ".cx",
   "languages": "en,zh,ms-CC"
 },
 {
   "id": "3dd18542-236c-4ce6-ad7c-3ce3f6c9aea1",
   "countryname": "Cyprus",
   "countrycode": "CY",
   "countrycode3": "CYP",
   "dialcode": "357",
   "capital": "Nicosia",
   "continentcode": "EU",
   "area": 92500,
   "population": 1102677,
   "lat": 35.126413,
   "lng": 33.429859,
   "currencycode": "EUR",
   "currencyname": "Euro",
   "tld": ".cy",
   "languages": "el-CY,tr-CY,en"
 },
 {
   "id": "79ea7d38-b2ef-40ad-94eb-0af3dfeca264",
   "countryname": "Czechia",
   "countrycode": "CZ",
   "countrycode3": "CZE",
   "dialcode": "420",
   "capital": "Prague",
   "continentcode": "EU",
   "area": 788660,
   "population": 10476000,
   "lat": 49.817492,
   "lng": 15.472962,
   "currencycode": "",
   "currencyname": "",
   "tld": ".cz",
   "languages": "cs,sk"
 },
 {
   "id": "7b2f346b-4887-4e48-a807-541cd2008a06",
   "countryname": "Germany",
   "countrycode": "DE",
   "countrycode3": "DEU",
   "dialcode": "49",
   "capital": "Berlin",
   "continentcode": "EU",
   "area": 3570210,
   "population": 81802257,
   "lat": 51.165691,
   "lng": 10.451526,
   "currencycode": "EUR",
   "currencyname": "Euro",
   "tld": ".de",
   "languages": "de"
 },
 {
   "id": "bd48292f-f8f3-400c-9f3f-d7e99e1b6821",
   "countryname": "Djibouti",
   "countrycode": "DJ",
   "countrycode3": "DJI",
   "dialcode": "253",
   "capital": "Djibouti",
   "continentcode": "AF",
   "area": 230000,
   "population": 740528,
   "lat": 11.825138,
   "lng": 42.590275,
   "currencycode": "DJF",
   "currencyname": "Djibouti Franc",
   "tld": ".dj",
   "languages": "fr-DJ,ar,so-DJ,aa"
 },
 {
   "id": "83c2b530-fbaa-40ed-971a-218738c6dbfa",
   "countryname": "Denmark",
   "countrycode": "DK",
   "countrycode3": "DNK",
   "dialcode": "45",
   "capital": "Copenhagen",
   "continentcode": "EU",
   "area": 430940,
   "population": 5484000,
   "lat": 56.26392,
   "lng": 9.501785,
   "currencycode": "DKK",
   "currencyname": "Danish Krone",
   "tld": ".dk",
   "languages": "da-DK,en,fo,de-DK"
 },
 {
   "id": "053a74ce-40c0-4fd4-a2c4-785348ffaae8",
   "countryname": "Dominica",
   "countrycode": "DM",
   "countrycode3": "DMA",
   "dialcode": "1-767",
   "capital": "Roseau",
   "continentcode": "NA",
   "area": 7540,
   "population": 72813,
   "lat": 15.414999,
   "lng": -61.370976,
   "currencycode": "XCD",
   "currencyname": "East Caribbean Dollar",
   "tld": ".dm",
   "languages": "en-DM"
 },
 {
   "id": "ee2df934-a959-47c1-be13-a359f2590e4f",
   "countryname": "Dominican Republic",
   "countrycode": "DO",
   "countrycode3": "DOM",
   "dialcode": "1-809,1-82",
   "capital": "Santo Domingo",
   "continentcode": "NA",
   "area": 487300,
   "population": 9823821,
   "lat": 18.735693,
   "lng": -70.162651,
   "currencycode": "DOP",
   "currencyname": "Dominican Peso",
   "tld": ".do",
   "languages": "es-DO"
 },
 {
   "id": "fdd4affc-e1d1-4f7c-aba2-1b4fe249a704",
   "countryname": "Algeria",
   "countrycode": "DZ",
   "countrycode3": "DZA",
   "dialcode": "213",
   "capital": "Algiers",
   "continentcode": "AF",
   "area": 23817400,
   "population": 34586184,
   "lat": 28.033886,
   "lng": 1.659626,
   "currencycode": "DZD",
   "currencyname": "Algerian Dinar",
   "tld": ".dz",
   "languages": "ar-DZ"
 },
 {
   "id": "f8663452-3c42-49df-9bba-87ec8c4bf586",
   "countryname": "Ecuador",
   "countrycode": "EC",
   "countrycode3": "ECU",
   "dialcode": "593",
   "capital": "Quito",
   "continentcode": "SA",
   "area": 2835600,
   "population": 14790608,
   "lat": -1.831239,
   "lng": -78.183406,
   "currencycode": "USD",
   "currencyname": "US Dollar",
   "tld": ".ec",
   "languages": "es-EC"
 },
 {
   "id": "731a670f-58e5-4ec7-87b4-a826a753b5b3",
   "countryname": "Estonia",
   "countrycode": "EE",
   "countrycode3": "EST",
   "dialcode": "372",
   "capital": "Tallinn",
   "continentcode": "EU",
   "area": 452260,
   "population": 1291170,
   "lat": 58.595272,
   "lng": 25.013607,
   "currencycode": "EUR",
   "currencyname": "Euro",
   "tld": ".ee",
   "languages": "et,ru"
 },
 {
   "id": "c18eebd1-873b-44ba-a674-64bfe65710cb",
   "countryname": "Egypt",
   "countrycode": "EG",
   "countrycode3": "EGY",
   "dialcode": "20",
   "capital": "Cairo",
   "continentcode": "AF",
   "area": 10014500,
   "population": 80471869,
   "lat": 26.820553,
   "lng": 30.802498,
   "currencycode": "EGP",
   "currencyname": "Egyptian Pound",
   "tld": ".eg",
   "languages": "ar-EG,en,fr"
 },
 {
   "id": "d4f5d076-c976-4428-a620-d97fec9e3837",
   "countryname": "Western Sahara",
   "countrycode": "EH",
   "countrycode3": "ESH",
   "dialcode": "212",
   "capital": "El-Aaiun",
   "continentcode": "AF",
   "area": 2660000,
   "population": 273008,
   "lat": 24.215527,
   "lng": -12.885834,
   "currencycode": "MAD",
   "currencyname": "Moroccan Dirham",
   "tld": ".eh",
   "languages": "ar,mey"
 },
 {
   "id": "4127bc17-97a2-409d-9e31-d92584a9affe",
   "countryname": "Eritrea",
   "countrycode": "ER",
   "countrycode3": "ERI",
   "dialcode": "291",
   "capital": "Asmara",
   "continentcode": "AF",
   "area": 1213200,
   "population": 5792984,
   "lat": 15.179384,
   "lng": 39.782334,
   "currencycode": "ERN",
   "currencyname": "Nakfa",
   "tld": ".er",
   "languages": "aa-ER,ar,tig,kun,ti-ER"
 },
 {
   "id": "0162191e-350e-40e5-a9ba-fbe0f4bb3346",
   "countryname": "Spain",
   "countrycode": "ES",
   "countrycode3": "ESP",
   "dialcode": "34",
   "capital": "Madrid",
   "continentcode": "EU",
   "area": 5047820,
   "population": 46505963,
   "lat": 40.463667,
   "lng": -3.74922,
   "currencycode": "EUR",
   "currencyname": "Euro",
   "tld": ".es",
   "languages": "es-ES,ca,gl,eu,oc"
 },
 {
   "id": "31c20a63-b5fa-4dd0-80ab-be6c37bc421a",
   "countryname": "Ethiopia",
   "countrycode": "ET",
   "countrycode3": "ETH",
   "dialcode": "251",
   "capital": "Addis Ababa",
   "continentcode": "AF",
   "area": 11271270,
   "population": 88013491,
   "lat": 9.145,
   "lng": 40.489673,
   "currencycode": "ETB",
   "currencyname": "Ethiopian Birr",
   "tld": ".et",
   "languages": "am,en-ET,om-ET,ti-ET,so-ET,sid"
 },
 {
   "id": "4d18088e-10cf-44c0-8ceb-f85db1417dd8",
   "countryname": "Finland",
   "countrycode": "FI",
   "countrycode3": "FIN",
   "dialcode": "358",
   "capital": "Helsinki",
   "continentcode": "EU",
   "area": 3370300,
   "population": 5244000,
   "lat": 61.92411,
   "lng": 25.748151,
   "currencycode": "EUR",
   "currencyname": "Euro",
   "tld": ".fi",
   "languages": "fi-FI,sv-FI,smn"
 },
 {
   "id": "da5ee6d9-c81a-4e39-8ac8-c5c700793959",
   "countryname": "Fiji",
   "countrycode": "FJ",
   "countrycode3": "FJI",
   "dialcode": "679",
   "capital": "Suva",
   "continentcode": "OC",
   "area": 182700,
   "population": 875983,
   "lat": -16.578193,
   "lng": 179.414413,
   "currencycode": "FJD",
   "currencyname": "Fiji Dollar",
   "tld": ".fj",
   "languages": "en-FJ,fj"
 },
 {
   "id": "e81672e5-d3b8-4052-9e42-969f9aff6b8b",
   "countryname": "Falkland Islands",
   "countrycode": "FK",
   "countrycode3": "FLK",
   "dialcode": "500",
   "capital": "Stanley",
   "continentcode": "SA",
   "area": 121730,
   "population": 2638,
   "lat": -51.796253,
   "lng": -59.523613,
   "currencycode": "FKP",
   "currencyname": "Falkland Islands Pound",
   "tld": ".fk",
   "languages": "en-FK"
 },
 {
   "id": "7ad887da-eabf-4423-8dcb-f98b95bd22b1",
   "countryname": "Micronesia",
   "countrycode": "FM",
   "countrycode3": "FSM",
   "dialcode": "691",
   "capital": "Palikir",
   "continentcode": "OC",
   "area": 7020,
   "population": 107708,
   "lat": 7.425554,
   "lng": 150.550812,
   "currencycode": "USD",
   "currencyname": "US Dollar",
   "tld": ".fm",
   "languages": "en-FM,chk,pon,yap,kos,uli,woe,nkr,kpg"
 },
 {
   "id": "41a603a4-1012-4e65-b707-874e41959866",
   "countryname": "Faroe Islands",
   "countrycode": "FO",
   "countrycode3": "FRO",
   "dialcode": "298",
   "capital": "Torshavn",
   "continentcode": "EU",
   "area": 13990,
   "population": 48228,
   "lat": 61.892635,
   "lng": -6.911806,
   "currencycode": "",
   "currencyname": "",
   "tld": ".fo",
   "languages": "fo,da-FO"
 },
 {
   "id": "07a64834-0ee1-4294-bc6a-7291195e9268",
   "countryname": "France",
   "countrycode": "FR",
   "countrycode3": "FRA",
   "dialcode": "33",
   "capital": "Paris",
   "continentcode": "EU",
   "area": 5470300,
   "population": 64768389,
   "lat": 46.227638,
   "lng": 2.213749,
   "currencycode": "EUR",
   "currencyname": "Euro",
   "tld": ".fr",
   "languages": "fr-FR,frp,br,co,ca,eu,oc"
 },
 {
   "id": "7503c0dd-7233-4a39-8e5a-48a58d3bc90a",
   "countryname": "Gabon",
   "countrycode": "GA",
   "countrycode3": "GAB",
   "dialcode": "241",
   "capital": "Libreville",
   "continentcode": "AF",
   "area": 2676670,
   "population": 1545255,
   "lat": -0.803689,
   "lng": 11.609444,
   "currencycode": "XAF",
   "currencyname": "CFA Franc BEAC",
   "tld": ".ga",
   "languages": "fr-GA"
 },
 {
   "id": "5e385fbe-caee-4eb0-ab0b-95a1aec3a255",
   "countryname": "United Kingdom",
   "countrycode": "GB",
   "countrycode3": "GBR",
   "dialcode": "44",
   "capital": "London",
   "continentcode": "EU",
   "area": 2448200,
   "population": 62348447,
   "lat": 55.378051,
   "lng": -3.435973,
   "currencycode": "GBP",
   "currencyname": "Pound Sterling",
   "tld": ".uk",
   "languages": "en-GB,cy-GB,gd"
 },
 {
   "id": "5cec9832-2c8b-4f69-96b0-5d581964532c",
   "countryname": "Grenada",
   "countrycode": "GD",
   "countrycode3": "GRD",
   "dialcode": "1-473",
   "capital": "St. George's",
   "continentcode": "NA",
   "area": 3440,
   "population": 107818,
   "lat": 12.262776,
   "lng": -61.604171,
   "currencycode": "XCD",
   "currencyname": "East Caribbean Dollar",
   "tld": ".gd",
   "languages": "en-GD"
 },
 {
   "id": "c6099e78-b4f4-4f74-8e7d-3fd731413249",
   "countryname": "Georgia",
   "countrycode": "GE",
   "countrycode3": "GEO",
   "dialcode": "995",
   "capital": "Tbilisi",
   "continentcode": "AS",
   "area": 697000,
   "population": 4630000,
   "lat": 42.315407,
   "lng": 43.356892,
   "currencycode": "GEL",
   "currencyname": "Lari",
   "tld": ".ge",
   "languages": "ka,ru,hy,az"
 },
 {
   "id": "84219e64-8742-4494-a4be-1f3ff7d8718e",
   "countryname": "French Guiana",
   "countrycode": "GF",
   "countrycode3": "GUF",
   "dialcode": "594",
   "capital": "Cayenne",
   "continentcode": "SA",
   "area": 910000,
   "population": 195506,
   "lat": 3.933889,
   "lng": -53.125782,
   "currencycode": "EUR",
   "currencyname": "Euro",
   "tld": ".gf",
   "languages": "fr-GF"
 },
 {
   "id": "0fb549f4-86ee-4a96-a066-ff77403f4399",
   "countryname": "Guernsey",
   "countrycode": "GG",
   "countrycode3": "GGY",
   "dialcode": "44",
   "capital": "St Peter Port",
   "continentcode": "EU",
   "area": 780,
   "population": 65228,
   "lat": 49.465691,
   "lng": -2.585278,
   "currencycode": "GBP",
   "currencyname": "Pound Sterling",
   "tld": ".gg",
   "languages": "en,fr"
 },
 {
   "id": "caebd873-e51a-4f45-95ed-a8f242505e63",
   "countryname": "Ghana",
   "countrycode": "GH",
   "countrycode3": "GHA",
   "dialcode": "233",
   "capital": "Accra",
   "continentcode": "AF",
   "area": 2394600,
   "population": 24339838,
   "lat": 7.946527,
   "lng": -1.023194,
   "currencycode": "GHS",
   "currencyname": "Ghana Cedi",
   "tld": ".gh",
   "languages": "en-GH,ak,ee,tw"
 },
 {
   "id": "cbbe5860-c979-496a-8c26-07d97eb4ea5e",
   "countryname": "Gibraltar",
   "countrycode": "GI",
   "countrycode3": "GIB",
   "dialcode": "350",
   "capital": "Gibraltar",
   "continentcode": "EU",
   "area": 65,
   "population": 27884,
   "lat": 36.137741,
   "lng": -5.345374,
   "currencycode": "GIP",
   "currencyname": "Gibraltar Pound",
   "tld": ".gi",
   "languages": "en-GI,es,it,pt"
 },
 {
   "id": "66556a8b-0fcf-4cd7-b0f8-a9cd920e5548",
   "countryname": "Greenland",
   "countrycode": "GL",
   "countrycode3": "GRL",
   "dialcode": "299",
   "capital": "Nuuk",
   "continentcode": "NA",
   "area": 21660860,
   "population": 56375,
   "lat": 71.706936,
   "lng": -42.604303,
   "currencycode": "DKK",
   "currencyname": "Danish Krone",
   "tld": ".gl",
   "languages": "kl,da-GL,en"
 },
 {
   "id": "40381630-dab5-4fb4-919b-224eeedab4a8",
   "countryname": "Gambia",
   "countrycode": "GM",
   "countrycode3": "GMB",
   "dialcode": "220",
   "capital": "Banjul",
   "continentcode": "AF",
   "area": 113000,
   "population": 1593256,
   "lat": 13.443182,
   "lng": -15.310139,
   "currencycode": "GMD",
   "currencyname": "Dalasi",
   "tld": ".gm",
   "languages": "en-GM,mnk,wof,wo,ff"
 },
 {
   "id": "390d6cff-abfc-4060-9829-9789bc4c67c8",
   "countryname": "Guinea",
   "countrycode": "GN",
   "countrycode3": "GIN",
   "dialcode": "224",
   "capital": "Conakry",
   "continentcode": "AF",
   "area": 2458570,
   "population": 10324025,
   "lat": 9.945587,
   "lng": -9.696645,
   "currencycode": "GNF",
   "currencyname": "Guinea Franc",
   "tld": ".gn",
   "languages": "fr-GN"
 },
 {
   "id": "9beff47d-f297-4a0c-ac23-6e9a8411a706",
   "countryname": "Guadeloupe",
   "countrycode": "GP",
   "countrycode3": "GLP",
   "dialcode": "590",
   "capital": "Basse-Terre",
   "continentcode": "NA",
   "area": 17800,
   "population": 443000,
   "lat": 16.995971,
   "lng": -62.067641,
   "currencycode": "EUR",
   "currencyname": "Euro",
   "tld": ".gp",
   "languages": "fr-GP"
 },
 {
   "id": "b0f4999b-c322-428c-8df2-0003cfc84e71",
   "countryname": "Equatorial Guinea",
   "countrycode": "GQ",
   "countrycode3": "GNQ",
   "dialcode": "240",
   "capital": "Malabo",
   "continentcode": "AF",
   "area": 280510,
   "population": 1014999,
   "lat": 1.650801,
   "lng": 10.267895,
   "currencycode": "XAF",
   "currencyname": "CFA Franc BEAC",
   "tld": ".gq",
   "languages": "es-GQ,fr"
 },
 {
   "id": "57a87747-5bc1-4654-96b0-4d6cea24e473",
   "countryname": "Greece",
   "countrycode": "GR",
   "countrycode3": "GRC",
   "dialcode": "30",
   "capital": "Athens",
   "continentcode": "EU",
   "area": 1319400,
   "population": 11000000,
   "lat": 39.074208,
   "lng": 21.824312,
   "currencycode": "EUR",
   "currencyname": "Euro",
   "tld": ".gr",
   "languages": "el-GR,en,fr"
 },
 {
   "id": "d3eee5d8-0f8f-4cc4-aa43-efc2662925ab",
   "countryname": "South Georgia and the South Sandwich Islands",
   "countrycode": "GS",
   "countrycode3": "SGS",
   "dialcode": "500",
   "capital": "Grytviken",
   "continentcode": "AN",
   "area": 39030,
   "population": 30,
   "lat": -54.429579,
   "lng": -36.587909,
   "currencycode": "",
   "currencyname": "",
   "tld": ".gs",
   "languages": "en"
 },
 {
   "id": "73d62d33-3cd1-4b66-92eb-5234f2e94411",
   "countryname": "Guatemala",
   "countrycode": "GT",
   "countrycode3": "GTM",
   "dialcode": "502",
   "capital": "Guatemala City",
   "continentcode": "NA",
   "area": 1088900,
   "population": 13550440,
   "lat": 15.783471,
   "lng": -90.230759,
   "currencycode": "GTQ",
   "currencyname": "Quetzal",
   "tld": ".gt",
   "languages": "es-GT"
 },
 {
   "id": "c1ed4011-6a7f-43ef-a1bf-88d96f7dae70",
   "countryname": "Guam",
   "countrycode": "GU",
   "countrycode3": "GUM",
   "dialcode": "1-671",
   "capital": "Hagatna",
   "continentcode": "OC",
   "area": 5490,
   "population": 159358,
   "lat": 13.444304,
   "lng": 144.793731,
   "currencycode": "USD",
   "currencyname": "US Dollar",
   "tld": ".gu",
   "languages": "en-GU,ch-GU"
 },
 {
   "id": "0ca6b0d1-ba9e-475d-9834-4c7bef7a7aaa",
   "countryname": "Guinea-Bissau",
   "countrycode": "GW",
   "countrycode3": "GNB",
   "dialcode": "245",
   "capital": "Bissau",
   "continentcode": "AF",
   "area": 361200,
   "population": 1565126,
   "lat": 11.803749,
   "lng": -15.180413,
   "currencycode": "XOF",
   "currencyname": "CFA Franc BCEAO",
   "tld": ".gw",
   "languages": "pt-GW,pov"
 },
 {
   "id": "dfb1fd99-bbde-4aba-8069-399b2f81a31d",
   "countryname": "Guyana",
   "countrycode": "GY",
   "countrycode3": "GUY",
   "dialcode": "592",
   "capital": "Georgetown",
   "continentcode": "SA",
   "area": 2149700,
   "population": 748486,
   "lat": 4.860416,
   "lng": -58.93018,
   "currencycode": "GYD",
   "currencyname": "Guyana Dollar",
   "tld": ".gy",
   "languages": "en-GY"
 },
 {
   "id": "c680d0e1-0515-486a-8d5e-9087a805bf9c",
   "countryname": "Hong Kong",
   "countrycode": "HK",
   "countrycode3": "HKG",
   "dialcode": "852",
   "capital": "Hong Kong",
   "continentcode": "AS",
   "area": 10920,
   "population": 6898686,
   "lat": 22.396428,
   "lng": 114.109497,
   "currencycode": "",
   "currencyname": "",
   "tld": ".hk",
   "languages": "zh-HK,yue,zh,en"
 },
 {
   "id": "638078f0-467e-45ba-b9c9-7909e1ecea3f",
   "countryname": "Heard Island and McDonald Islands",
   "countrycode": "HM",
   "countrycode3": "HMD",
   "dialcode": "672",
   "capital": "",
   "continentcode": "AN",
   "area": 4120,
   "population": 0,
   "lat": -53.08181,
   "lng": 73.504158,
   "currencycode": "",
   "currencyname": "",
   "tld": ".hm",
   "languages": ""
 },
 {
   "id": "9d7b44a9-6fcb-45c2-b96b-aaf8b0e53aae",
   "countryname": "Honduras",
   "countrycode": "HN",
   "countrycode3": "HND",
   "dialcode": "504",
   "capital": "Tegucigalpa",
   "continentcode": "NA",
   "area": 1120900,
   "population": 7989415,
   "lat": 15.199999,
   "lng": -86.241905,
   "currencycode": "HNL",
   "currencyname": "Lempira",
   "tld": ".hn",
   "languages": "es-HN"
 },
 {
   "id": "11298287-e1c9-4595-8db1-396a3f087fa5",
   "countryname": "Croatia",
   "countrycode": "HR",
   "countrycode3": "HRV",
   "dialcode": "385",
   "capital": "Zagreb",
   "continentcode": "EU",
   "area": 565420,
   "population": 4284889,
   "lat": 45.1,
   "lng": 15.2,
   "currencycode": "HRK",
   "currencyname": "Croatian Kuna",
   "tld": ".hr",
   "languages": "hr-HR,sr"
 },
 {
   "id": "ee0ddde5-8ca6-4ca4-b00f-7656d006dcf1",
   "countryname": "Haiti",
   "countrycode": "HT",
   "countrycode3": "HTI",
   "dialcode": "509",
   "capital": "Port-au-Prince",
   "continentcode": "NA",
   "area": 277500,
   "population": 9648924,
   "lat": 18.971187,
   "lng": -72.285215,
   "currencycode": "USD",
   "currencyname": "US Dollar",
   "tld": ".ht",
   "languages": "ht,fr-HT"
 },
 {
   "id": "01cbe6c6-855f-4900-a1f1-084a8fb8bf1f",
   "countryname": "Hungary",
   "countrycode": "HU",
   "countrycode3": "HUN",
   "dialcode": "36",
   "capital": "Budapest",
   "continentcode": "EU",
   "area": 930300,
   "population": 9982000,
   "lat": 47.162494,
   "lng": 19.503304,
   "currencycode": "HUF",
   "currencyname": "Forint",
   "tld": ".hu",
   "languages": "hu-HU"
 },
 {
   "id": "fdece1eb-f9f3-4b24-97c5-67cfd0e1fe42",
   "countryname": "Indonesia",
   "countrycode": "ID",
   "countrycode3": "IDN",
   "dialcode": "62",
   "capital": "Jakarta",
   "continentcode": "AS",
   "area": 19194400,
   "population": 242968342,
   "lat": -0.789275,
   "lng": 113.921327,
   "currencycode": "IDR",
   "currencyname": "Rupiah",
   "tld": ".id",
   "languages": "id,en,nl,jv"
 },
 {
   "id": "65a109f2-70e6-4e2c-a61c-1675fdcde66b",
   "countryname": "Ireland",
   "countrycode": "IE",
   "countrycode3": "IRL",
   "dialcode": "353",
   "capital": "Dublin",
   "continentcode": "EU",
   "area": 702800,
   "population": 4622917,
   "lat": 53.41291,
   "lng": -8.24389,
   "currencycode": "EUR",
   "currencyname": "Euro",
   "tld": ".ie",
   "languages": "en-IE,ga-IE"
 },
 {
   "id": "92471e97-811d-4b13-9cde-26bf924d8522",
   "countryname": "Israel",
   "countrycode": "IL",
   "countrycode3": "ISR",
   "dialcode": "972",
   "capital": "Jerusalem",
   "continentcode": "AS",
   "area": 207700,
   "population": 7353985,
   "lat": 31.046051,
   "lng": 34.851612,
   "currencycode": "ILS",
   "currencyname": "New Israeli Sheqel",
   "tld": ".il",
   "languages": "he,ar-IL,en-IL,"
 },
 {
   "id": "ee9d4f04-a631-472d-9e5f-3f5992742546",
   "countryname": "Isle of Man",
   "countrycode": "IM",
   "countrycode3": "IMN",
   "dialcode": "44",
   "capital": "Douglas",
   "continentcode": "EU",
   "area": 5720,
   "population": 75049,
   "lat": 54.236107,
   "lng": -4.548056,
   "currencycode": "GBP",
   "currencyname": "Pound Sterling",
   "tld": ".im",
   "languages": "en,gv"
 },
 {
   "id": "a94c6b9b-ddc6-4359-81a0-35c7eecd7720",
   "countryname": "India",
   "countrycode": "IN",
   "countrycode3": "IND",
   "dialcode": "91",
   "capital": "New Delhi",
   "continentcode": "AS",
   "area": 32875900,
   "population": 1173108018,
   "lat": 20.593684,
   "lng": 78.96288,
   "currencycode": "INR",
   "currencyname": "Indian Rupee",
   "tld": ".in",
   "languages": "en-IN,hi,bn,te,mr,ta,ur,gu,kn,ml,or,pa,as,bh,sat,ks,ne,sd,kok,doi,mni,sit,sa,fr,lus,inc"
 },
 {
   "id": "8c0ac160-9b8b-4a81-95ce-06b147765a89",
   "countryname": "British Indian Ocean Territory",
   "countrycode": "IO",
   "countrycode3": "IOT",
   "dialcode": "246",
   "capital": "Diego Garcia",
   "continentcode": "AS",
   "area": 600,
   "population": 4000,
   "lat": -6.343194,
   "lng": 71.876519,
   "currencycode": "",
   "currencyname": "",
   "tld": ".io",
   "languages": "en-IO"
 },
 {
   "id": "802ea163-daa3-440b-ab26-ed27642bec30",
   "countryname": "Iraq",
   "countrycode": "IQ",
   "countrycode3": "IRQ",
   "dialcode": "964",
   "capital": "Baghdad",
   "continentcode": "AS",
   "area": 4370720,
   "population": 29671605,
   "lat": 33.223191,
   "lng": 43.679291,
   "currencycode": "IQD",
   "currencyname": "Iraqi Dinar",
   "tld": ".iq",
   "languages": "ar-IQ,ku,hy"
 },
 {
   "id": "3f2bac83-986e-40b2-a7e6-1111a8fe5877",
   "countryname": "Iran",
   "countrycode": "IR",
   "countrycode3": "IRN",
   "dialcode": "98",
   "capital": "Tehran",
   "continentcode": "AS",
   "area": 16480000,
   "population": 76923300,
   "lat": 32.427908,
   "lng": 53.688046,
   "currencycode": "IRR",
   "currencyname": "Iranian Rial",
   "tld": ".ir",
   "languages": "fa-IR,ku"
 },
 {
   "id": "dc9d7409-6654-4c6b-9bb7-b2147971501e",
   "countryname": "Iceland",
   "countrycode": "IS",
   "countrycode3": "ISL",
   "dialcode": "354",
   "capital": "Reykjavik",
   "continentcode": "EU",
   "area": 1030000,
   "population": 308910,
   "lat": 64.963051,
   "lng": -19.020835,
   "currencycode": "ISK",
   "currencyname": "Iceland Krona",
   "tld": ".is",
   "languages": "is,en,de,da,sv,no"
 },
 {
   "id": "117832de-f229-4506-a03b-16e00f275ba9",
   "countryname": "Italy",
   "countrycode": "IT",
   "countrycode3": "ITA",
   "dialcode": "39",
   "capital": "Rome",
   "continentcode": "EU",
   "area": 3012300,
   "population": 60340328,
   "lat": 41.87194,
   "lng": 12.56738,
   "currencycode": "EUR",
   "currencyname": "Euro",
   "tld": ".it",
   "languages": "it-IT,de-IT,fr-IT,sc,ca,co,sl"
 },
 {
   "id": "ca7306e6-2ee3-40bb-b9b9-f9078b982005",
   "countryname": "Jersey",
   "countrycode": "JE",
   "countrycode3": "JEY",
   "dialcode": "44",
   "capital": "Saint Helier",
   "continentcode": "EU",
   "area": 1160,
   "population": 90812,
   "lat": 49.214439,
   "lng": -2.13125,
   "currencycode": "GBP",
   "currencyname": "Pound Sterling",
   "tld": ".je",
   "languages": "en,pt"
 },
 {
   "id": "cf750620-278f-4e2a-9364-875a487fcf32",
   "countryname": "Jamaica",
   "countrycode": "JM",
   "countrycode3": "JAM",
   "dialcode": "1-876",
   "capital": "Kingston",
   "continentcode": "NA",
   "area": 109910,
   "population": 2847232,
   "lat": 18.109581,
   "lng": -77.297508,
   "currencycode": "JMD",
   "currencyname": "Jamaican Dollar",
   "tld": ".jm",
   "languages": "en-JM"
 },
 {
   "id": "43803c89-7faa-428d-9d22-1b0b77297741",
   "countryname": "Jordan",
   "countrycode": "JO",
   "countrycode3": "JOR",
   "dialcode": "962",
   "capital": "Amman",
   "continentcode": "AS",
   "area": 923000,
   "population": 6407085,
   "lat": 30.585164,
   "lng": 36.238414,
   "currencycode": "JOD",
   "currencyname": "Jordanian Dinar",
   "tld": ".jo",
   "languages": "ar-JO,en"
 },
 {
   "id": "e0742229-7f82-463c-a89e-15980e9b997d",
   "countryname": "Japan",
   "countrycode": "JP",
   "countrycode3": "JPN",
   "dialcode": "81",
   "capital": "Tokyo",
   "continentcode": "AS",
   "area": 3778350,
   "population": 127288000,
   "lat": 36.204824,
   "lng": 138.252924,
   "currencycode": "JPY",
   "currencyname": "Yen",
   "tld": ".jp",
   "languages": "ja"
 },
 {
   "id": "0fa85535-7e99-4245-b0f0-60153b8db16d",
   "countryname": "Kenya",
   "countrycode": "KE",
   "countrycode3": "KEN",
   "dialcode": "254",
   "capital": "Nairobi",
   "continentcode": "AF",
   "area": 5826500,
   "population": 40046566,
   "lat": -0.023559,
   "lng": 37.906193,
   "currencycode": "KES",
   "currencyname": "Kenyan Shilling",
   "tld": ".ke",
   "languages": "en-KE,sw-KE"
 },
 {
   "id": "787dfe40-8787-4858-8459-508a0977e258",
   "countryname": "Kyrgyzstan",
   "countrycode": "KG",
   "countrycode3": "KGZ",
   "dialcode": "996",
   "capital": "Bishkek",
   "continentcode": "AS",
   "area": 1985000,
   "population": 5776500,
   "lat": 41.20438,
   "lng": 74.766098,
   "currencycode": "KGS",
   "currencyname": "Som",
   "tld": ".kg",
   "languages": "ky,uz,ru"
 },
 {
   "id": "0c9d22c0-1e2d-4bcc-9fc7-ebadc4f45479",
   "countryname": "Cambodia",
   "countrycode": "KH",
   "countrycode3": "KHM",
   "dialcode": "855",
   "capital": "Phnom Penh",
   "continentcode": "AS",
   "area": 1810400,
   "population": 14453680,
   "lat": 12.565679,
   "lng": 104.990963,
   "currencycode": "KHR",
   "currencyname": "Riel",
   "tld": ".kh",
   "languages": "km,fr,en"
 },
 {
   "id": "5a8a3627-861b-4cae-9eb0-50e82c4d7023",
   "countryname": "Kiribati",
   "countrycode": "KI",
   "countrycode3": "KIR",
   "dialcode": "686",
   "capital": "Tarawa",
   "continentcode": "OC",
   "area": 8110,
   "population": 92533,
   "lat": -3.370417,
   "lng": -168.734039,
   "currencycode": "AUD",
   "currencyname": "Australian Dollar",
   "tld": ".ki",
   "languages": "en-KI,gil"
 },
 {
   "id": "c107e497-b1e5-479e-bc51-e1c7d01ab514",
   "countryname": "Comoros",
   "countrycode": "KM",
   "countrycode3": "COM",
   "dialcode": "269",
   "capital": "Moroni",
   "continentcode": "AF",
   "area": 21700,
   "population": 773407,
   "lat": -11.875001,
   "lng": 43.872219,
   "currencycode": "KMF",
   "currencyname": "Comoro Franc",
   "tld": ".km",
   "languages": "ar,fr-KM"
 },
 {
   "id": "16c287fd-51fe-4e3f-8dcb-f5b028490187",
   "countryname": "Saint Kitts and Nevis",
   "countrycode": "KN",
   "countrycode3": "KNA",
   "dialcode": "1-869",
   "capital": "Basseterre",
   "continentcode": "NA",
   "area": 2610,
   "population": 51134,
   "lat": 17.357822,
   "lng": -62.782998,
   "currencycode": "XCD",
   "currencyname": "East Caribbean Dollar",
   "tld": ".kn",
   "languages": "en-KN"
 },
 {
   "id": "b13acdc9-8925-490f-9f3b-faefffd2ca26",
   "countryname": "North Korea",
   "countrycode": "KP",
   "countrycode3": "PRK",
   "dialcode": "850",
   "capital": "Pyongyang",
   "continentcode": "AS",
   "area": 1205400,
   "population": 22912177,
   "lat": 40.339852,
   "lng": 127.510093,
   "currencycode": "KPW",
   "currencyname": "North Korean Won",
   "tld": ".kp",
   "languages": "ko-KP"
 },
 {
   "id": "226cbf38-1884-4b10-b8fd-c4039985f6a7",
   "countryname": "South Korea",
   "countrycode": "KR",
   "countrycode3": "KOR",
   "dialcode": "82",
   "capital": "Seoul",
   "continentcode": "AS",
   "area": 984800,
   "population": 48422644,
   "lat": 35.907757,
   "lng": 127.766922,
   "currencycode": "KRW",
   "currencyname": "Won",
   "tld": ".kr",
   "languages": "ko-KR,en"
 },
 {
   "id": "4d176ba9-3057-4d86-9e35-15f6cf935c55",
   "countryname": "Kuwait",
   "countrycode": "KW",
   "countrycode3": "KWT",
   "dialcode": "965",
   "capital": "Kuwait City",
   "continentcode": "AS",
   "area": 178200,
   "population": 2789132,
   "lat": 29.31166,
   "lng": 47.481766,
   "currencycode": "KWD",
   "currencyname": "Kuwaiti Dinar",
   "tld": ".kw",
   "languages": "ar-KW,en"
 },
 {
   "id": "2176bc46-8b88-4b51-9294-923feb4359eb",
   "countryname": "Cayman Islands",
   "countrycode": "KY",
   "countrycode3": "CYM",
   "dialcode": "1-345",
   "capital": "George Town",
   "continentcode": "NA",
   "area": 2620,
   "population": 44270,
   "lat": 19.513469,
   "lng": -80.566956,
   "currencycode": "KYD",
   "currencyname": "Cayman Islands Dollar",
   "tld": ".ky",
   "languages": "en-KY"
 },
 {
   "id": "83c62568-8c00-4378-9d5b-5206ea86c1f1",
   "countryname": "Kazakhstan",
   "countrycode": "KZ",
   "countrycode3": "KAZ",
   "dialcode": "7",
   "capital": "Nur-Sultan",
   "continentcode": "AS",
   "area": 27173000,
   "population": 15340000,
   "lat": 48.019573,
   "lng": 66.923684,
   "currencycode": "KZT",
   "currencyname": "Tenge",
   "tld": ".kz",
   "languages": "kk,ru"
 },
 {
   "id": "05097952-1cc8-4a59-93a8-16bd9ceabb31",
   "countryname": "Laos",
   "countrycode": "LA",
   "countrycode3": "LAO",
   "dialcode": "856",
   "capital": "Vientiane",
   "continentcode": "AS",
   "area": 2368000,
   "population": 6368162,
   "lat": 19.85627,
   "lng": 102.495496,
   "currencycode": "LAK",
   "currencyname": "Kip",
   "tld": ".la",
   "languages": "lo,fr,en"
 },
 {
   "id": "e80c8803-c85f-4f74-8d5c-825cdac9cf26",
   "countryname": "Lebanon",
   "countrycode": "LB",
   "countrycode3": "LBN",
   "dialcode": "961",
   "capital": "Beirut",
   "continentcode": "AS",
   "area": 104000,
   "population": 4125247,
   "lat": 33.854721,
   "lng": 35.862285,
   "currencycode": "LBP",
   "currencyname": "Lebanese Pound",
   "tld": ".lb",
   "languages": "ar-LB,fr-LB,en,hy"
 },
 {
   "id": "4ed1a8d2-6e7c-4981-a9b6-1e375512197b",
   "countryname": "Saint Lucia",
   "countrycode": "LC",
   "countrycode3": "LCA",
   "dialcode": "1-758",
   "capital": "Castries",
   "continentcode": "NA",
   "area": 6160,
   "population": 160922,
   "lat": 13.909444,
   "lng": -60.978893,
   "currencycode": "XCD",
   "currencyname": "East Caribbean Dollar",
   "tld": ".lc",
   "languages": "en-LC"
 },
 {
   "id": "b6ce7176-51c5-4c2d-8b8e-378fda035bbf",
   "countryname": "Liechtenstein",
   "countrycode": "LI",
   "countrycode3": "LIE",
   "dialcode": "423",
   "capital": "Vaduz",
   "continentcode": "EU",
   "area": 1600,
   "population": 35000,
   "lat": 47.166,
   "lng": 9.555373,
   "currencycode": "CHF",
   "currencyname": "Swiss Franc",
   "tld": ".li",
   "languages": "de-LI"
 },
 {
   "id": "6afa9f16-7581-4885-b355-22bb6038e22f",
   "countryname": "Sri Lanka",
   "countrycode": "LK",
   "countrycode3": "LKA",
   "dialcode": "94",
   "capital": "Colombo",
   "continentcode": "AS",
   "area": 656100,
   "population": 21513990,
   "lat": 7.873054,
   "lng": 80.771797,
   "currencycode": "LKR",
   "currencyname": "Sri Lanka Rupee",
   "tld": ".lk",
   "languages": "si,ta,en"
 },
 {
   "id": "9378d29b-6387-4655-838b-8752cee07bb5",
   "countryname": "Liberia",
   "countrycode": "LR",
   "countrycode3": "LBR",
   "dialcode": "231",
   "capital": "Monrovia",
   "continentcode": "AF",
   "area": 1113700,
   "population": 3685076,
   "lat": 6.428055,
   "lng": -9.429499,
   "currencycode": "LRD",
   "currencyname": "Liberian Dollar",
   "tld": ".lr",
   "languages": "en-LR"
 },
 {
   "id": "17bd3e33-f557-4592-ad81-e90de784cd31",
   "countryname": "Lesotho",
   "countrycode": "LS",
   "countrycode3": "LSO",
   "dialcode": "266",
   "capital": "Maseru",
   "continentcode": "AF",
   "area": 303550,
   "population": 1919552,
   "lat": -29.609988,
   "lng": 28.233608,
   "currencycode": "ZAR",
   "currencyname": "Rand",
   "tld": ".ls",
   "languages": "en-LS,st,zu,xh"
 },
 {
   "id": "3324b7e1-35b3-48e3-b7a6-e7a2331c92f1",
   "countryname": "Lithuania",
   "countrycode": "LT",
   "countrycode3": "LTU",
   "dialcode": "370",
   "capital": "Vilnius",
   "continentcode": "EU",
   "area": 652000,
   "population": 2944459,
   "lat": 55.169438,
   "lng": 23.881275,
   "currencycode": "EUR",
   "currencyname": "Euro",
   "tld": ".lt",
   "languages": "lt,ru,pl"
 },
 {
   "id": "93ea5ea7-ba36-402c-a486-01da30a06835",
   "countryname": "Luxembourg",
   "countrycode": "LU",
   "countrycode3": "LUX",
   "dialcode": "352",
   "capital": "Luxembourg",
   "continentcode": "EU",
   "area": 25860,
   "population": 497538,
   "lat": 49.815273,
   "lng": 6.129583,
   "currencycode": "EUR",
   "currencyname": "Euro",
   "tld": ".lu",
   "languages": "lb,de-LU,fr-LU"
 },
 {
   "id": "fbce4413-b60d-4674-8dac-1d0f02598fcd",
   "countryname": "Latvia",
   "countrycode": "LV",
   "countrycode3": "LVA",
   "dialcode": "371",
   "capital": "Riga",
   "continentcode": "EU",
   "area": 645890,
   "population": 2217969,
   "lat": 56.879635,
   "lng": 24.603189,
   "currencycode": "EUR",
   "currencyname": "Euro",
   "tld": ".lv",
   "languages": "lv,ru,lt"
 },
 {
   "id": "e83ad265-905f-4a5e-8d1f-08dc07681916",
   "countryname": "Libya",
   "countrycode": "LY",
   "countrycode3": "LBY",
   "dialcode": "218",
   "capital": "Tripoli",
   "continentcode": "AF",
   "area": 17595400,
   "population": 6461454,
   "lat": 26.3351,
   "lng": 17.228331,
   "currencycode": "LYD",
   "currencyname": "Libyan Dinar",
   "tld": ".ly",
   "languages": "ar-LY,it,en"
 },
 {
   "id": "104753f1-a740-4442-8911-4846851c2702",
   "countryname": "Morocco",
   "countrycode": "MA",
   "countrycode3": "MAR",
   "dialcode": "212",
   "capital": "Rabat",
   "continentcode": "AF",
   "area": 4465500,
   "population": 33848242,
   "lat": 31.791702,
   "lng": -7.09262,
   "currencycode": "MAD",
   "currencyname": "Moroccan Dirham",
   "tld": ".ma",
   "languages": "ar-MA,ber,fr"
 },
 {
   "id": "325446de-bb2d-41ca-8836-5b28cfc4aa63",
   "countryname": "Monaco",
   "countrycode": "MC",
   "countrycode3": "MCO",
   "dialcode": "377",
   "capital": "Monaco",
   "continentcode": "EU",
   "area": 19,
   "population": 32965,
   "lat": 43.750298,
   "lng": 7.412841,
   "currencycode": "EUR",
   "currencyname": "Euro",
   "tld": ".mc",
   "languages": "fr-MC,en,it"
 },
 {
   "id": "ac95873a-5083-4cc4-a3d6-52ab8cc0d236",
   "countryname": "Moldova",
   "countrycode": "MD",
   "countrycode3": "MDA",
   "dialcode": "373",
   "capital": "Chisinau",
   "continentcode": "EU",
   "area": 338430,
   "population": 4324000,
   "lat": 47.411631,
   "lng": 28.369885,
   "currencycode": "MDL",
   "currencyname": "Moldovan Leu",
   "tld": ".md",
   "languages": "ro,ru,gag,tr"
 },
 {
   "id": "ac74236b-d58e-4f50-91be-077265ef063d",
   "countryname": "Montenegro",
   "countrycode": "ME",
   "countrycode3": "MNE",
   "dialcode": "382",
   "capital": "Podgorica",
   "continentcode": "EU",
   "area": 140260,
   "population": 666730,
   "lat": 42.708678,
   "lng": 19.37439,
   "currencycode": "EUR",
   "currencyname": "Euro",
   "tld": ".me",
   "languages": "sr,hu,bs,sq,hr,rom"
 },
 {
   "id": "9a87f7b6-4cdd-4052-b320-910339ca01bb",
   "countryname": "Madagascar",
   "countrycode": "MG",
   "countrycode3": "MDG",
   "dialcode": "261",
   "capital": "Antananarivo",
   "continentcode": "AF",
   "area": 5870400,
   "population": 21281844,
   "lat": -18.766947,
   "lng": 46.869107,
   "currencycode": "MGA",
   "currencyname": "Malagasy Ariary",
   "tld": ".mg",
   "languages": "fr-MG,mg"
 },
 {
   "id": "a8c5f215-135d-4f61-bf9d-cb4aac7528d1",
   "countryname": "Marshall Islands",
   "countrycode": "MH",
   "countrycode3": "MHL",
   "dialcode": "692",
   "capital": "Majuro",
   "continentcode": "OC",
   "area": 1813,
   "population": 65859,
   "lat": 7.131474,
   "lng": 171.184478,
   "currencycode": "USD",
   "currencyname": "US Dollar",
   "tld": ".mh",
   "languages": "mh,en-MH"
 },
 {
   "id": "9654f430-a6df-47a7-bf10-d89a9a91eb05",
   "countryname": "North Macedonia",
   "countrycode": "MK",
   "countrycode3": "MKD",
   "dialcode": "389",
   "capital": "Skopje",
   "continentcode": "EU",
   "area": 253330,
   "population": 2062294,
   "lat": 41.608635,
   "lng": 21.745275,
   "currencycode": "MKD",
   "currencyname": "Denar",
   "tld": ".mk",
   "languages": "mk,sq,tr,rmm,sr"
 },
 {
   "id": "c33468d9-5873-4524-83f9-4efad0d98712",
   "countryname": "Mali",
   "countrycode": "ML",
   "countrycode3": "MLI",
   "dialcode": "223",
   "capital": "Bamako",
   "continentcode": "AF",
   "area": 12400000,
   "population": 13796354,
   "lat": 17.570692,
   "lng": -3.996166,
   "currencycode": "XOF",
   "currencyname": "CFA Franc BCEAO",
   "tld": ".ml",
   "languages": "fr-ML,bm"
 },
 {
   "id": "1c55bb8d-7d38-4f84-8515-e59af0eeffea",
   "countryname": "Myanmar [Burma]",
   "countrycode": "MM",
   "countrycode3": "MMR",
   "dialcode": "95",
   "capital": "Nay Pyi Taw",
   "continentcode": "AS",
   "area": 6785000,
   "population": 53414374,
   "lat": 21.913965,
   "lng": 95.956223,
   "currencycode": "MMK",
   "currencyname": "Kyat",
   "tld": ".mm",
   "languages": "my"
 },
 {
   "id": "2ed969bb-eaed-4193-be81-6b5dc120bd49",
   "countryname": "Mongolia",
   "countrycode": "MN",
   "countrycode3": "MNG",
   "dialcode": "976",
   "capital": "Ulaanbaatar",
   "continentcode": "AS",
   "area": 15650000,
   "population": 3086918,
   "lat": 46.862496,
   "lng": 103.846656,
   "currencycode": "MNT",
   "currencyname": "Tugrik",
   "tld": ".mn",
   "languages": "mn,ru"
 },
 {
   "id": "32fe47ee-970c-4d82-be5a-55d295484737",
   "countryname": "Macao",
   "countrycode": "MO",
   "countrycode3": "MAC",
   "dialcode": "853",
   "capital": "Macao",
   "continentcode": "AS",
   "area": 2540,
   "population": 449198,
   "lat": 22.198745,
   "lng": 113.543873,
   "currencycode": "MOP",
   "currencyname": "Pataca",
   "tld": ".mo",
   "languages": "zh,zh-MO,pt"
 },
 {
   "id": "f7f70d14-7c93-4873-a51a-22f79327c24b",
   "countryname": "Northern Mariana Islands",
   "countrycode": "MP",
   "countrycode3": "MNP",
   "dialcode": "1-670",
   "capital": "Saipan",
   "continentcode": "OC",
   "area": 4770,
   "population": 53883,
   "lat": 17.33083,
   "lng": 145.38469,
   "currencycode": "USD",
   "currencyname": "US Dollar",
   "tld": ".mp",
   "languages": "fil,tl,zh,ch-MP,en-MP"
 },
 {
   "id": "28be1039-aecd-49f7-bb85-e066056091e0",
   "countryname": "Martinique",
   "countrycode": "MQ",
   "countrycode3": "MTQ",
   "dialcode": "596",
   "capital": "Fort-de-France",
   "continentcode": "NA",
   "area": 11000,
   "population": 432900,
   "lat": 14.641528,
   "lng": -61.024174,
   "currencycode": "EUR",
   "currencyname": "Euro",
   "tld": ".mq",
   "languages": "fr-MQ"
 },
 {
   "id": "d321d65a-f0d7-4907-995c-6a8afa53ca18",
   "countryname": "Mauritania",
   "countrycode": "MR",
   "countrycode3": "MRT",
   "dialcode": "222",
   "capital": "Nouakchott",
   "continentcode": "AF",
   "area": 10307000,
   "population": 3205060,
   "lat": 21.00789,
   "lng": -10.940835,
   "currencycode": "MRO",
   "currencyname": "Ouguiya",
   "tld": ".mr",
   "languages": "ar-MR,fuc,snk,fr,mey,wo"
 },
 {
   "id": "5ed186dc-c889-4e4a-bc2d-676f7a12a8de",
   "countryname": "Montserrat",
   "countrycode": "MS",
   "countrycode3": "MSR",
   "dialcode": "1-664",
   "capital": "Plymouth",
   "continentcode": "NA",
   "area": 1020,
   "population": 9341,
   "lat": 16.742498,
   "lng": -62.187366,
   "currencycode": "XCD",
   "currencyname": "East Caribbean Dollar",
   "tld": ".ms",
   "languages": "en-MS"
 },
 {
   "id": "93993638-581d-4b36-b39c-746e9b3fe8f0",
   "countryname": "Malta",
   "countrycode": "MT",
   "countrycode3": "MLT",
   "dialcode": "356",
   "capital": "Valletta",
   "continentcode": "EU",
   "area": 3160,
   "population": 403000,
   "lat": 35.937496,
   "lng": 14.375416,
   "currencycode": "EUR",
   "currencyname": "Euro",
   "tld": ".mt",
   "languages": "mt,en-MT"
 },
 {
   "id": "73aadf0a-8c78-4573-a172-0f4e5c8a135c",
   "countryname": "Mauritius",
   "countrycode": "MU",
   "countrycode3": "MUS",
   "dialcode": "230",
   "capital": "Port Louis",
   "continentcode": "AF",
   "area": 20400,
   "population": 1294104,
   "lat": -20.348404,
   "lng": 57.552152,
   "currencycode": "MUR",
   "currencyname": "Mauritius Rupee",
   "tld": ".mu",
   "languages": "en-MU,bho,fr"
 },
 {
   "id": "48695bfd-444f-40b6-9420-549d7c7e1a1c",
   "countryname": "Maldives",
   "countrycode": "MV",
   "countrycode3": "MDV",
   "dialcode": "960",
   "capital": "Male",
   "continentcode": "AS",
   "area": 3000,
   "population": 395650,
   "lat": 3.202778,
   "lng": 73.22068,
   "currencycode": "MVR",
   "currencyname": "Rufiyaa",
   "tld": ".mv",
   "languages": "dv,en"
 },
 {
   "id": "dd39a85b-deee-44a0-9c07-77557aa3361e",
   "countryname": "Malawi",
   "countrycode": "MW",
   "countrycode3": "MWI",
   "dialcode": "265",
   "capital": "Lilongwe",
   "continentcode": "AF",
   "area": 1184800,
   "population": 17563749,
   "lat": -13.254308,
   "lng": 34.301525,
   "currencycode": "MWK",
   "currencyname": "Kwacha",
   "tld": ".mw",
   "languages": "ny,yao,tum,swk"
 },
 {
   "id": "4d593154-6b9f-40c1-9f34-a0cdf3cc7815",
   "countryname": "Mexico",
   "countrycode": "MX",
   "countrycode3": "MEX",
   "dialcode": "52",
   "capital": "Mexico City",
   "continentcode": "NA",
   "area": 19725500,
   "population": 112468855,
   "lat": 23.634501,
   "lng": -102.552784,
   "currencycode": "MXN",
   "currencyname": "Mexican Peso",
   "tld": ".mx",
   "languages": "es-MX"
 },
 {
   "id": "de3203df-c93f-4ca9-80cd-c2e2d29d9f33",
   "countryname": "Malaysia",
   "countrycode": "MY",
   "countrycode3": "MYS",
   "dialcode": "60",
   "capital": "Kuala Lumpur",
   "continentcode": "AS",
   "area": 3297500,
   "population": 28274729,
   "lat": 4.210484,
   "lng": 101.975766,
   "currencycode": "MYR",
   "currencyname": "Malaysian Ringgit",
   "tld": ".my",
   "languages": "ms-MY,en,zh,ta,te,ml,pa,th"
 },
 {
   "id": "ea8d2539-2e31-41c2-8e90-ba54a877d509",
   "countryname": "Mozambique",
   "countrycode": "MZ",
   "countrycode3": "MOZ",
   "dialcode": "258",
   "capital": "Maputo",
   "continentcode": "AF",
   "area": 8015900,
   "population": 22061451,
   "lat": -18.665695,
   "lng": 35.529562,
   "currencycode": "MZN",
   "currencyname": "Mozambique Metical",
   "tld": ".mz",
   "languages": "pt-MZ,vmw"
 },
 {
   "id": "52aeb772-3c58-48db-ae00-27a6aed1539a",
   "countryname": "Namibia",
   "countrycode": "NA",
   "countrycode3": "NAM",
   "dialcode": "264",
   "capital": "Windhoek",
   "continentcode": "AF",
   "area": 8254180,
   "population": 2128471,
   "lat": -22.95764,
   "lng": 18.49041,
   "currencycode": "ZAR",
   "currencyname": "Rand",
   "tld": ".na",
   "languages": "en-NA,af,de,hz,naq"
 },
 {
   "id": "d2368fbc-7ea2-4f19-8128-86c3488e4e94",
   "countryname": "New Caledonia",
   "countrycode": "NC",
   "countrycode3": "NCL",
   "dialcode": "687",
   "capital": "Noumea",
   "continentcode": "OC",
   "area": 190600,
   "population": 216494,
   "lat": -20.904305,
   "lng": 165.618042,
   "currencycode": "XPF",
   "currencyname": "CFP Franc",
   "tld": ".nc",
   "languages": "fr-NC"
 },
 {
   "id": "1944848a-bf07-442f-a51b-da7b4849b17f",
   "countryname": "Niger",
   "countrycode": "NE",
   "countrycode3": "NER",
   "dialcode": "227",
   "capital": "Niamey",
   "continentcode": "AF",
   "area": 12670000,
   "population": 15878271,
   "lat": 17.607789,
   "lng": 8.081666,
   "currencycode": "XOF",
   "currencyname": "CFA Franc BCEAO",
   "tld": ".ne",
   "languages": "fr-NE,ha,kr,dje"
 },
 {
   "id": "ad412aaf-f5be-4c19-9187-11b5697402bb",
   "countryname": "Norfolk Island",
   "countrycode": "NF",
   "countrycode3": "NFK",
   "dialcode": "672",
   "capital": "Kingston",
   "continentcode": "OC",
   "area": 346,
   "population": 1828,
   "lat": -29.040835,
   "lng": 167.954712,
   "currencycode": "AUD",
   "currencyname": "Australian Dollar",
   "tld": ".nf",
   "languages": "en-NF"
 },
 {
   "id": "e309c275-a1a7-420a-83a7-558fe834c1c3",
   "countryname": "Nigeria",
   "countrycode": "NG",
   "countrycode3": "NGA",
   "dialcode": "234",
   "capital": "Abuja",
   "continentcode": "AF",
   "area": 9237680,
   "population": 154000000,
   "lat": 9.081999,
   "lng": 8.675277,
   "currencycode": "NGN",
   "currencyname": "Naira",
   "tld": ".ng",
   "languages": "en-NG,ha,yo,ig,ff"
 },
 {
   "id": "d045c0b5-0f2a-41e5-9885-62c29440b1cc",
   "countryname": "Nicaragua",
   "countrycode": "NI",
   "countrycode3": "NIC",
   "dialcode": "505",
   "capital": "Managua",
   "continentcode": "NA",
   "area": 1294940,
   "population": 5995928,
   "lat": 12.865416,
   "lng": -85.207229,
   "currencycode": "NIO",
   "currencyname": "Cordoba Oro",
   "tld": ".ni",
   "languages": "es-NI,en"
 },
 {
   "id": "df7dc4ec-a9c3-4d36-af25-e698fc3f2596",
   "countryname": "Netherlands",
   "countrycode": "NL",
   "countrycode3": "NLD",
   "dialcode": "31",
   "capital": "Amsterdam",
   "continentcode": "EU",
   "area": 415260,
   "population": 16645000,
   "lat": 52.132633,
   "lng": 5.291266,
   "currencycode": "EUR",
   "currencyname": "Euro",
   "tld": ".nl",
   "languages": "nl-NL,fy-NL"
 },
 {
   "id": "3574234b-b6f1-4b5c-aef4-06d4c6459270",
   "countryname": "Norway",
   "countrycode": "NO",
   "countrycode3": "NOR",
   "dialcode": "47",
   "capital": "Oslo",
   "continentcode": "EU",
   "area": 3242200,
   "population": 5009150,
   "lat": 60.472024,
   "lng": 8.468946,
   "currencycode": "NOK",
   "currencyname": "Norwegian Krone",
   "tld": ".no",
   "languages": "no,nb,nn,se,fi"
 },
 {
   "id": "800bedfe-64fa-4409-9b3e-fb987b7bf55d",
   "countryname": "Nepal",
   "countrycode": "NP",
   "countrycode3": "NPL",
   "dialcode": "977",
   "capital": "Kathmandu",
   "continentcode": "AS",
   "area": 1408000,
   "population": 28951852,
   "lat": 28.394857,
   "lng": 84.124008,
   "currencycode": "NPR",
   "currencyname": "Nepalese Rupee",
   "tld": ".np",
   "languages": "ne,en"
 },
 {
   "id": "4cbb5de6-b694-421e-8701-a98e0eeca00b",
   "countryname": "Nauru",
   "countrycode": "NR",
   "countrycode3": "NRU",
   "dialcode": "674",
   "capital": "Yaren",
   "continentcode": "OC",
   "area": 210,
   "population": 10065,
   "lat": -0.522778,
   "lng": 166.931503,
   "currencycode": "AUD",
   "currencyname": "Australian Dollar",
   "tld": ".nr",
   "languages": "na,en-NR"
 },
 {
   "id": "e83c24b7-b312-4cdb-a43d-9fbf2eeeba73",
   "countryname": "Niue",
   "countrycode": "NU",
   "countrycode3": "NIU",
   "dialcode": "683",
   "capital": "Alofi",
   "continentcode": "OC",
   "area": 2600,
   "population": 2166,
   "lat": -19.054445,
   "lng": -169.867233,
   "currencycode": "NZD",
   "currencyname": "New Zealand Dollar",
   "tld": ".nu",
   "languages": "niu,en-NU"
 },
 {
   "id": "e27dace6-a40d-4ea8-9fc1-aad5769caa45",
   "countryname": "New Zealand",
   "countrycode": "NZ",
   "countrycode3": "NZL",
   "dialcode": "64",
   "capital": "Wellington",
   "continentcode": "OC",
   "area": 2686800,
   "population": 4252277,
   "lat": -40.900557,
   "lng": 174.885971,
   "currencycode": "NZD",
   "currencyname": "New Zealand Dollar",
   "tld": ".nz",
   "languages": "en-NZ,mi"
 },
 {
   "id": "8875ee42-cd24-4cb4-ae27-0a135def4248",
   "countryname": "Oman",
   "countrycode": "OM",
   "countrycode3": "OMN",
   "dialcode": "968",
   "capital": "Muscat",
   "continentcode": "AS",
   "area": 2124600,
   "population": 2967717,
   "lat": 21.512583,
   "lng": 55.923255,
   "currencycode": "OMR",
   "currencyname": "Rial Omani",
   "tld": ".om",
   "languages": "ar-OM,en,bal,ur"
 },
 {
   "id": "1aee6629-ee74-4a64-83a4-cc1e7e5e9e0b",
   "countryname": "Andorra",
   "countrycode": "AD",
   "countrycode3": "AND",
   "dialcode": "376",
   "capital": "Andorra la Vella",
   "continentcode": "EU",
   "area": 4680,
   "population": 84000,
   "lat": 42.546245,
   "lng": 1.601554,
   "currencycode": "EUR",
   "currencyname": "Euro",
   "tld": ".ad",
   "languages": "ca"
 },
 {
   "id": "8c905aed-7710-4ece-983b-6f5413c353c7",
   "countryname": "United Arab Emirates",
   "countrycode": "AE",
   "countrycode3": "ARE",
   "dialcode": "971",
   "capital": "Abu Dhabi",
   "continentcode": "AS",
   "area": 828800,
   "population": 4975593,
   "lat": 23.424076,
   "lng": 53.847818,
   "currencycode": "AED",
   "currencyname": "UAE Dirham",
   "tld": ".ae",
   "languages": "ar-AE,fa,en,hi,ur"
 },
 {
   "id": "d844f5d4-b7c9-418b-b8f6-4aa8a7b52668",
   "countryname": "Afghanistan",
   "countrycode": "AF",
   "countrycode3": "AFG",
   "dialcode": "93",
   "capital": "Kabul",
   "continentcode": "AS",
   "area": 6475000,
   "population": 29121286,
   "lat": 33.93911,
   "lng": 67.709953,
   "currencycode": "AFN",
   "currencyname": "Afghani",
   "tld": ".af",
   "languages": "fa-AF,ps,uz-AF,tk"
 },
 {
   "id": "3b63ab92-080a-4a4e-962a-ca633a615f99",
   "countryname": "Antigua and Barbuda",
   "countrycode": "AG",
   "countrycode3": "ATG",
   "dialcode": "1-268",
   "capital": "St. John's",
   "continentcode": "NA",
   "area": 4430,
   "population": 86754,
   "lat": 17.060816,
   "lng": -61.796428,
   "currencycode": "XCD",
   "currencyname": "East Caribbean Dollar",
   "tld": ".ag",
   "languages": "en-AG"
 },
 {
   "id": "d9ade3fc-ff98-4cae-b392-032a448f2d33",
   "countryname": "Anguilla",
   "countrycode": "AI",
   "countrycode3": "AIA",
   "dialcode": "1-264",
   "capital": "The Valley",
   "continentcode": "NA",
   "area": 1020,
   "population": 13254,
   "lat": 18.220554,
   "lng": -63.068615,
   "currencycode": "XCD",
   "currencyname": "East Caribbean Dollar",
   "tld": ".ai",
   "languages": "en-AI"
 },
 {
   "id": "18b96429-cd90-4380-9fa2-1d3246ad1eec",
   "countryname": "Albania",
   "countrycode": "AL",
   "countrycode3": "ALB",
   "dialcode": "355",
   "capital": "Tirana",
   "continentcode": "EU",
   "area": 287480,
   "population": 2986952,
   "lat": 41.153332,
   "lng": 20.168331,
   "currencycode": "ALL",
   "currencyname": "Lek",
   "tld": ".al",
   "languages": "sq,el"
 },
 {
   "id": "bc099913-682f-4bc0-9529-10aff9151421",
   "countryname": "Armenia",
   "countrycode": "AM",
   "countrycode3": "ARM",
   "dialcode": "374",
   "capital": "Yerevan",
   "continentcode": "AS",
   "area": 298000,
   "population": 2968000,
   "lat": 40.069099,
   "lng": 45.038189,
   "currencycode": "AMD",
   "currencyname": "Armenian Dram",
   "tld": ".am",
   "languages": "hy"
 },
 {
   "id": "a2e6ac86-77ca-4beb-80c9-24b402c817a0",
   "countryname": "Angola",
   "countrycode": "AO",
   "countrycode3": "AGO",
   "dialcode": "244",
   "capital": "Luanda",
   "continentcode": "AF",
   "area": 12467000,
   "population": 13068161,
   "lat": -11.202692,
   "lng": 17.873887,
   "currencycode": "AOA",
   "currencyname": "Kwanza",
   "tld": ".ao",
   "languages": "pt-AO"
 },
 {
   "id": "c421ae62-2a85-4df6-bd70-e36172eb54e4",
   "countryname": "Antarctica",
   "countrycode": "AQ",
   "countrycode3": "ATA",
   "dialcode": "672",
   "capital": "",
   "continentcode": "AN",
   "area": 140000000,
   "population": 0,
   "lat": -75.250973,
   "lng": -0.071389,
   "currencycode": "",
   "currencyname": "",
   "tld": ".aq",
   "languages": ""
 },
 {
   "id": "13c5b220-1b22-41a3-bed2-c31e751bc83a",
   "countryname": "Argentina",
   "countrycode": "AR",
   "countrycode3": "ARG",
   "dialcode": "54",
   "capital": "Buenos Aires",
   "continentcode": "SA",
   "area": 27668900,
   "population": 41343201,
   "lat": -38.416097,
   "lng": -63.616672,
   "currencycode": "ARS",
   "currencyname": "Argentine Peso",
   "tld": ".ar",
   "languages": "es-AR,en,it,de,fr,gn"
 },
 {
   "id": "b298201c-cbcd-4062-923e-2fd71437c768",
   "countryname": "American Samoa",
   "countrycode": "AS",
   "countrycode3": "ASM",
   "dialcode": "1-684",
   "capital": "Pago Pago",
   "continentcode": "OC",
   "area": 1990,
   "population": 57881,
   "lat": -14.270972,
   "lng": -170.132217,
   "currencycode": "USD",
   "currencyname": "US Dollar",
   "tld": ".as",
   "languages": "en-AS,sm,to"
 },
 {
   "id": "7664a1f2-3717-4f6f-9b1d-b1dfcedc5f4e",
   "countryname": "Panama",
   "countrycode": "PA",
   "countrycode3": "PAN",
   "dialcode": "507",
   "capital": "Panama City",
   "continentcode": "NA",
   "area": 782000,
   "population": 3410676,
   "lat": 8.537981,
   "lng": -80.782127,
   "currencycode": "USD",
   "currencyname": "US Dollar",
   "tld": ".pa",
   "languages": "es-PA,en"
 },
 {
   "id": "93354970-2411-49c3-bf35-a93d42a34f16",
   "countryname": "Peru",
   "countrycode": "PE",
   "countrycode3": "PER",
   "dialcode": "51",
   "capital": "Lima",
   "continentcode": "SA",
   "area": 12852200,
   "population": 29907003,
   "lat": -9.189967,
   "lng": -75.015152,
   "currencycode": "PEN",
   "currencyname": "Nuevo Sol",
   "tld": ".pe",
   "languages": "es-PE,qu,ay"
 },
 {
   "id": "8ace9d66-d0aa-42d8-bad8-aa40790e6ac7",
   "countryname": "French Polynesia",
   "countrycode": "PF",
   "countrycode3": "PYF",
   "dialcode": "689",
   "capital": "Papeete",
   "continentcode": "OC",
   "area": 41670,
   "population": 270485,
   "lat": -17.679742,
   "lng": -149.406843,
   "currencycode": "XPF",
   "currencyname": "CFP Franc",
   "tld": ".pf",
   "languages": "fr-PF,ty"
 },
 {
   "id": "001e4272-6608-4fd3-b7aa-91cffc222012",
   "countryname": "Papua New Guinea",
   "countrycode": "PG",
   "countrycode3": "PNG",
   "dialcode": "675",
   "capital": "Port Moresby",
   "continentcode": "OC",
   "area": 4628400,
   "population": 6064515,
   "lat": -6.314993,
   "lng": 143.95555,
   "currencycode": "PGK",
   "currencyname": "Kina",
   "tld": ".pg",
   "languages": "en-PG,ho,meu,tpi"
 },
 {
   "id": "0834d8f8-ee42-4f1e-ac2f-1c84c644b819",
   "countryname": "Philippines",
   "countrycode": "PH",
   "countrycode3": "PHL",
   "dialcode": "63",
   "capital": "Manila",
   "continentcode": "AS",
   "area": 3000000,
   "population": 99900177,
   "lat": 12.879721,
   "lng": 121.774017,
   "currencycode": "PHP",
   "currencyname": "Philippine Peso",
   "tld": ".ph",
   "languages": "tl,en-PH,fil"
 },
 {
   "id": "d544715c-32bf-42aa-be6f-1cce39975192",
   "countryname": "Pakistan",
   "countrycode": "PK",
   "countrycode3": "PAK",
   "dialcode": "92",
   "capital": "Islamabad",
   "continentcode": "AS",
   "area": 8039400,
   "population": 184404791,
   "lat": 30.375321,
   "lng": 69.345116,
   "currencycode": "PKR",
   "currencyname": "Pakistan Rupee",
   "tld": ".pk",
   "languages": "ur-PK,en-PK,pa,sd,ps,brh"
 },
 {
   "id": "d9182923-2a90-435a-a3a0-6fc1d21f8de1",
   "countryname": "Poland",
   "countrycode": "PL",
   "countrycode3": "POL",
   "dialcode": "48",
   "capital": "Warsaw",
   "continentcode": "EU",
   "area": 3126850,
   "population": 38500000,
   "lat": 51.919438,
   "lng": 19.145136,
   "currencycode": "PLN",
   "currencyname": "Zloty",
   "tld": ".pl",
   "languages": "pl"
 },
 {
   "id": "270a81fa-72b9-4223-9ea8-b128f22288ba",
   "countryname": "Saint Pierre and Miquelon",
   "countrycode": "PM",
   "countrycode3": "SPM",
   "dialcode": "508",
   "capital": "Saint-Pierre",
   "continentcode": "NA",
   "area": 2420,
   "population": 7012,
   "lat": 46.941936,
   "lng": -56.27111,
   "currencycode": "EUR",
   "currencyname": "Euro",
   "tld": ".pm",
   "languages": "fr-PM"
 },
 {
   "id": "a0e8ca22-d062-40b4-9e42-a61f528de5f6",
   "countryname": "Pitcairn Islands",
   "countrycode": "PN",
   "countrycode3": "PCN",
   "dialcode": "870",
   "capital": "Adamstown",
   "continentcode": "OC",
   "area": 470,
   "population": 46,
   "lat": -24.703615,
   "lng": -127.439308,
   "currencycode": "NZD",
   "currencyname": "New Zealand Dollar",
   "tld": ".pn",
   "languages": "en-PN"
 },
 {
   "id": "7ace658a-3d57-4fda-b0bb-95aeed4b752a",
   "countryname": "Puerto Rico",
   "countrycode": "PR",
   "countrycode3": "PRI",
   "dialcode": "1",
   "capital": "San Juan",
   "continentcode": "NA",
   "area": 91040,
   "population": 3916632,
   "lat": 18.220833,
   "lng": -66.590149,
   "currencycode": "USD",
   "currencyname": "US Dollar",
   "tld": ".pr",
   "languages": "en-PR,es-PR"
 },
 {
   "id": "cd813ccc-4043-4817-895d-7b80adb638b4",
   "countryname": "Palestine",
   "countrycode": "PS",
   "countrycode3": "PSE",
   "dialcode": "970",
   "capital": "East Jerusalem",
   "continentcode": "AS",
   "area": 59700,
   "population": 3800000,
   "lat": 31.952162,
   "lng": 35.233154,
   "currencycode": "",
   "currencyname": "No universal currency",
   "tld": ".ps",
   "languages": "ar-PS"
 },
 {
   "id": "cdccd97c-e4bc-4c0a-8865-758c8cb6e3f2",
   "countryname": "Portugal",
   "countrycode": "PT",
   "countrycode3": "PRT",
   "dialcode": "351",
   "capital": "Lisbon",
   "continentcode": "EU",
   "area": 923910,
   "population": 10676000,
   "lat": 39.399872,
   "lng": -8.224454,
   "currencycode": "EUR",
   "currencyname": "Euro",
   "tld": ".pt",
   "languages": "pt-PT,mwl"
 },
 {
   "id": "8aaa624d-b522-4db3-b164-42fa4aefd7f5",
   "countryname": "Palau",
   "countrycode": "PW",
   "countrycode3": "PLW",
   "dialcode": "680",
   "capital": "Melekeok",
   "continentcode": "OC",
   "area": 4580,
   "population": 19907,
   "lat": 7.51498,
   "lng": 134.58252,
   "currencycode": "USD",
   "currencyname": "US Dollar",
   "tld": ".pw",
   "languages": "pau,sov,en-PW,tox,ja,fil,zh"
 },
 {
   "id": "25d3e16b-82c7-4d91-8562-1caf7e5145e0",
   "countryname": "Paraguay",
   "countrycode": "PY",
   "countrycode3": "PRY",
   "dialcode": "595",
   "capital": "Asuncion",
   "continentcode": "SA",
   "area": 4067500,
   "population": 6375830,
   "lat": -23.442503,
   "lng": -58.443832,
   "currencycode": "PYG",
   "currencyname": "Guarani",
   "tld": ".py",
   "languages": "es-PY,gn"
 },
 {
   "id": "fd018612-ba61-45c8-ad0b-731dcdf895be",
   "countryname": "Qatar",
   "countrycode": "QA",
   "countrycode3": "QAT",
   "dialcode": "974",
   "capital": "Doha",
   "continentcode": "AS",
   "area": 114370,
   "population": 840926,
   "lat": 25.354826,
   "lng": 51.183884,
   "currencycode": "QAR",
   "currencyname": "Qatari Rial",
   "tld": ".qa",
   "languages": "ar-QA,es"
 },
 {
   "id": "835e57aa-92ee-4b9e-816f-a29deb680527",
   "countryname": "Runion",
   "countrycode": "RE",
   "countrycode3": "REU",
   "dialcode": "262",
   "capital": "Saint-Denis",
   "continentcode": "AF",
   "area": 25170,
   "population": 776948,
   "lat": -21.115141,
   "lng": 55.536384,
   "currencycode": "EUR",
   "currencyname": "Euro",
   "tld": ".re",
   "languages": "fr-RE"
 },
 {
   "id": "f17b4efd-4b8a-45b1-a85f-bff31873acbf",
   "countryname": "Romania",
   "countrycode": "RO",
   "countrycode3": "ROU",
   "dialcode": "40",
   "capital": "Bucharest",
   "continentcode": "EU",
   "area": 2375000,
   "population": 21959278,
   "lat": 45.943161,
   "lng": 24.96676,
   "currencycode": "RON",
   "currencyname": "New Romanian Leu",
   "tld": ".ro",
   "languages": "ro,hu,rom"
 },
 {
   "id": "a207fccf-22a3-40a0-a4ea-2a66d44c1055",
   "countryname": "Serbia",
   "countrycode": "RS",
   "countrycode3": "SRB",
   "dialcode": "381 p",
   "capital": "Belgrade",
   "continentcode": "EU",
   "area": 883610,
   "population": 7344847,
   "lat": 44.016521,
   "lng": 21.005859,
   "currencycode": "RSD",
   "currencyname": "Serbian Dinar",
   "tld": ".rs",
   "languages": "sr,hu,bs,rom"
 },
 {
   "id": "e35f68f2-618c-4e02-b91b-ff2b71cbe474",
   "countryname": "Russia",
   "countrycode": "RU",
   "countrycode3": "RUS",
   "dialcode": "7",
   "capital": "Moscow",
   "continentcode": "EU",
   "area": 171000000,
   "population": 140702000,
   "lat": 61.52401,
   "lng": 105.318756,
   "currencycode": "RUB",
   "currencyname": "Russian Ruble",
   "tld": ".ru",
   "languages": "ru,tt,xal,cau,ady,kv,ce,tyv,cv,udm,tut,mns,bua,myv,mdf,chm,ba,inh,tut,kbd,krc,ava,sah,nog"
 },
 {
   "id": "e3723185-a91b-4a4c-8a39-4bd3647dcd7f",
   "countryname": "Rwanda",
   "countrycode": "RW",
   "countrycode3": "RWA",
   "dialcode": "250",
   "capital": "Kigali",
   "continentcode": "AF",
   "area": 263380,
   "population": 11055976,
   "lat": -1.940278,
   "lng": 29.873888,
   "currencycode": "RWF",
   "currencyname": "Rwanda Franc",
   "tld": ".rw",
   "languages": "rw,en-RW,fr-RW,sw"
 },
 {
   "id": "e8cc5bd6-5e75-436f-bd2a-d126fa459709",
   "countryname": "Saudi Arabia",
   "countrycode": "SA",
   "countrycode3": "SAU",
   "dialcode": "966",
   "capital": "Riyadh",
   "continentcode": "AS",
   "area": 19605820,
   "population": 25731776,
   "lat": 23.885942,
   "lng": 45.079162,
   "currencycode": "SAR",
   "currencyname": "Saudi Riyal",
   "tld": ".sa",
   "languages": "ar-SA"
 },
 {
   "id": "70b47e36-5c57-45b5-a353-1bf35242964d",
   "countryname": "Solomon Islands",
   "countrycode": "SB",
   "countrycode3": "SLB",
   "dialcode": "677",
   "capital": "Honiara",
   "continentcode": "OC",
   "area": 284500,
   "population": 559198,
   "lat": -9.64571,
   "lng": 160.156194,
   "currencycode": "SBD",
   "currencyname": "Solomon Islands Dollar",
   "tld": ".sb",
   "languages": "en-SB,tpi"
 },
 {
   "id": "e59f311e-33de-4eb6-a370-4f52ced1bb04",
   "countryname": "Seychelles",
   "countrycode": "SC",
   "countrycode3": "SYC",
   "dialcode": "248",
   "capital": "Victoria",
   "continentcode": "AF",
   "area": 4550,
   "population": 88340,
   "lat": -4.679574,
   "lng": 55.491977,
   "currencycode": "SCR",
   "currencyname": "Seychelles Rupee",
   "tld": ".sc",
   "languages": "en-SC,fr-SC"
 },
 {
   "id": "95413832-7ac5-4c2d-8f54-13c39e360219",
   "countryname": "Sudan",
   "countrycode": "SD",
   "countrycode3": "SDN",
   "dialcode": "249",
   "capital": "Khartoum",
   "continentcode": "AF",
   "area": 18614840,
   "population": 35000000,
   "lat": 12.862807,
   "lng": 30.217636,
   "currencycode": "SDG",
   "currencyname": "Sudanese Pound",
   "tld": ".sd",
   "languages": "ar-SD,en,fia"
 },
 {
   "id": "47c242a8-e1e2-4aaf-9ee2-4c9825cc1ede",
   "countryname": "Sweden",
   "countrycode": "SE",
   "countrycode3": "SWE",
   "dialcode": "46",
   "capital": "Stockholm",
   "continentcode": "EU",
   "area": 4499640,
   "population": 9828655,
   "lat": 60.128161,
   "lng": 18.643501,
   "currencycode": "SEK",
   "currencyname": "Swedish Krona",
   "tld": ".se",
   "languages": "sv-SE,se,sma,fi-SE"
 },
 {
   "id": "9517015b-5146-44a6-8224-2dc81953000a",
   "countryname": "Netherlands Antilles",
   "countrycode": "AN",
   "countrycode3": "ANT",
   "dialcode": "-69",
   "capital": "Willemstad",
   "continentcode": "NA",
   "area": 9600,
   "population": 300000,
   "lat": 12.226079,
   "lng": -69.060087,
   "currencycode": "",
   "currencyname": "",
   "tld": "",
   "languages": ""
 },
 {
   "id": "f53784f2-191a-49e7-88ed-9ac0812021b4",
   "countryname": "Kosovo",
   "countrycode": "XK",
   "countrycode3": "XKX",
   "dialcode": "21",
   "capital": "Pristina",
   "continentcode": "EU",
   "area": 109080,
   "population": 1800000,
   "lat": 42.602636,
   "lng": 20.902977,
   "currencycode": "",
   "currencyname": "",
   "tld": "",
   "languages": ""
 },
 {
   "id": "0379c870-10f7-419c-81d2-f205f63382a9",
   "countryname": "Singapore",
   "countrycode": "SG",
   "countrycode3": "SGP",
   "dialcode": "65",
   "capital": "Singapore",
   "continentcode": "AS",
   "area": 6927,
   "population": 4701069,
   "lat": 1.352083,
   "lng": 103.819836,
   "currencycode": "SGD",
   "currencyname": "Singapore Dollar",
   "tld": ".sg",
   "languages": "cmn,en-SG,ms-SG,ta-SG,zh-SG"
 },
 {
   "id": "e34ce98a-4b58-4b83-bf90-b173d9d4b328",
   "countryname": "Saint Helena",
   "countrycode": "SH",
   "countrycode3": "SHN",
   "dialcode": "290 n",
   "capital": "Jamestown",
   "continentcode": "AF",
   "area": 4100,
   "population": 7460,
   "lat": -24.143474,
   "lng": -10.030696,
   "currencycode": "SHP",
   "currencyname": "Saint Helena Pound",
   "tld": ".sh",
   "languages": "en-SH"
 },
 {
   "id": "3e17d7d8-6f33-4dcd-bf86-a4442323c6f6",
   "countryname": "Slovenia",
   "countrycode": "SI",
   "countrycode3": "SVN",
   "dialcode": "386",
   "capital": "Ljubljana",
   "continentcode": "EU",
   "area": 202730,
   "population": 2007000,
   "lat": 46.151241,
   "lng": 14.995463,
   "currencycode": "EUR",
   "currencyname": "Euro",
   "tld": ".si",
   "languages": "sl,sh"
 },
 {
   "id": "28d2a22e-8fd4-40ef-8ca8-75e22f11cf93",
   "countryname": "Svalbard and Jan Mayen",
   "countrycode": "SJ",
   "countrycode3": "SJM",
   "dialcode": "47",
   "capital": "Longyearbyen",
   "continentcode": "EU",
   "area": 620490,
   "population": 2550,
   "lat": 77.553604,
   "lng": 23.670272,
   "currencycode": "NOK",
   "currencyname": "Norwegian Krone",
   "tld": ".sj",
   "languages": "no,ru"
 },
 {
   "id": "e7ff4fed-4308-4eb7-b1b5-c3c39dddc1d0",
   "countryname": "Slovakia",
   "countrycode": "SK",
   "countrycode3": "SVK",
   "dialcode": "421",
   "capital": "Bratislava",
   "continentcode": "EU",
   "area": 488450,
   "population": 5455000,
   "lat": 48.669026,
   "lng": 19.699024,
   "currencycode": "EUR",
   "currencyname": "Euro",
   "tld": ".sk",
   "languages": "sk,hu"
 },
 {
   "id": "66c27fb2-0da9-4ea6-9f63-efcd2e55a3b2",
   "countryname": "Sierra Leone",
   "countrycode": "SL",
   "countrycode3": "SLE",
   "dialcode": "232",
   "capital": "Freetown",
   "continentcode": "AF",
   "area": 717400,
   "population": 5245695,
   "lat": 8.460555,
   "lng": -11.779889,
   "currencycode": "SLL",
   "currencyname": "Leone",
   "tld": ".sl",
   "languages": "en-SL,men,tem"
 },
 {
   "id": "c9642fce-a16a-4878-b7ef-19795c24a14d",
   "countryname": "San Marino",
   "countrycode": "SM",
   "countrycode3": "SMR",
   "dialcode": "378",
   "capital": "San Marino",
   "continentcode": "EU",
   "area": 612,
   "population": 31477,
   "lat": 43.94236,
   "lng": 12.457777,
   "currencycode": "EUR",
   "currencyname": "Euro",
   "tld": ".sm",
   "languages": "it-SM"
 },
 {
   "id": "aac1bba3-440d-4665-a4de-00fdd6114307",
   "countryname": "Senegal",
   "countrycode": "SN",
   "countrycode3": "SEN",
   "dialcode": "221",
   "capital": "Dakar",
   "continentcode": "AF",
   "area": 1961900,
   "population": 12323252,
   "lat": 14.497401,
   "lng": -14.452362,
   "currencycode": "XOF",
   "currencyname": "CFA Franc BCEAO",
   "tld": ".sn",
   "languages": "fr-SN,wo,fuc,mnk"
 },
 {
   "id": "6cc7ee15-8230-4a49-bbaf-e88cd6ad36b0",
   "countryname": "Somalia",
   "countrycode": "SO",
   "countrycode3": "SOM",
   "dialcode": "252",
   "capital": "Mogadishu",
   "continentcode": "AF",
   "area": 6376570,
   "population": 10112453,
   "lat": 5.152149,
   "lng": 46.199616,
   "currencycode": "SOS",
   "currencyname": "Somali Shilling",
   "tld": ".so",
   "languages": "so-SO,ar-SO,it,en-SO"
 },
 {
   "id": "1c30fa7e-99e6-4dd4-8e01-487b2bb38511",
   "countryname": "Suriname",
   "countrycode": "SR",
   "countrycode3": "SUR",
   "dialcode": "597",
   "capital": "Paramaribo",
   "continentcode": "SA",
   "area": 1632700,
   "population": 492829,
   "lat": 3.919305,
   "lng": -56.027783,
   "currencycode": "SRD",
   "currencyname": "Surinam Dollar",
   "tld": ".sr",
   "languages": "nl-SR,en,srn,hns,jv"
 },
 {
   "id": "bcfddb9f-0419-4dd5-bb0c-720a6e7d491a",
   "countryname": "So Tom and Prncipe",
   "countrycode": "ST",
   "countrycode3": "STP",
   "dialcode": "239",
   "capital": "Sao Tome",
   "continentcode": "AF",
   "area": 10010,
   "population": 197700,
   "lat": 0.18636,
   "lng": 6.613081,
   "currencycode": "STD",
   "currencyname": "Dobra",
   "tld": ".st",
   "languages": "pt-ST"
 },
 {
   "id": "524ff460-b3c8-4f8a-85cb-efb7c5f39bcc",
   "countryname": "El Salvador",
   "countrycode": "SV",
   "countrycode3": "SLV",
   "dialcode": "503",
   "capital": "San Salvador",
   "continentcode": "NA",
   "area": 210400,
   "population": 6052064,
   "lat": 13.794185,
   "lng": -88.89653,
   "currencycode": "USD",
   "currencyname": "US Dollar",
   "tld": ".sv",
   "languages": "es-SV"
 },
 {
   "id": "5057e50b-384a-4f27-a8b9-161a7d48db1d",
   "countryname": "Syria",
   "countrycode": "SY",
   "countrycode3": "SYR",
   "dialcode": "963",
   "capital": "Damascus",
   "continentcode": "AS",
   "area": 1851800,
   "population": 22198110,
   "lat": 34.802075,
   "lng": 38.996815,
   "currencycode": "SYP",
   "currencyname": "Syrian Pound",
   "tld": ".sy",
   "languages": "ar-SY,ku,hy,arc,fr,en"
 },
 {
   "id": "aa7dfe2b-0296-46b9-ae51-4425240e99f1",
   "countryname": "Eswatini",
   "countrycode": "SZ",
   "countrycode3": "SWZ",
   "dialcode": "268",
   "capital": "Mbabane",
   "continentcode": "AF",
   "area": 173630,
   "population": 1354051,
   "lat": -26.522503,
   "lng": 31.465866,
   "currencycode": "SZL",
   "currencyname": "Lilangeni",
   "tld": ".sz",
   "languages": "en-SZ,ss-SZ"
 },
 {
   "id": "0379d430-de79-4b9b-95ac-222d0fecc263",
   "countryname": "Turks and Caicos Islands",
   "countrycode": "TC",
   "countrycode3": "TCA",
   "dialcode": "1-649",
   "capital": "Cockburn Town",
   "continentcode": "NA",
   "area": 4300,
   "population": 20556,
   "lat": 21.694025,
   "lng": -71.797928,
   "currencycode": "USD",
   "currencyname": "US Dollar",
   "tld": ".tc",
   "languages": "en-TC"
 },
 {
   "id": "f1a1938c-b3ab-4245-8064-4c70d7249798",
   "countryname": "Chad",
   "countrycode": "TD",
   "countrycode3": "TCD",
   "dialcode": "235",
   "capital": "N'Djamena",
   "continentcode": "AF",
   "area": 12840000,
   "population": 10543464,
   "lat": 15.454166,
   "lng": 18.732207,
   "currencycode": "XAF",
   "currencyname": "CFA Franc BEAC",
   "tld": ".td",
   "languages": "fr-TD,ar-TD,sre"
 },
 {
   "id": "5f40c992-4696-4f7f-9e97-8ed8678937d9",
   "countryname": "French Southern Territories",
   "countrycode": "TF",
   "countrycode3": "ATF",
   "dialcode": "262",
   "capital": "Port-aux-Francais",
   "continentcode": "AN",
   "area": 78290,
   "population": 140,
   "lat": -49.280366,
   "lng": 69.348557,
   "currencycode": "",
   "currencyname": "",
   "tld": ".tf",
   "languages": "fr"
 },
 {
   "id": "ec961d5c-f809-4b26-99b7-089a5d55ae5a",
   "countryname": "Togo",
   "countrycode": "TG",
   "countrycode3": "TGO",
   "dialcode": "228",
   "capital": "Lome",
   "continentcode": "AF",
   "area": 567850,
   "population": 6587239,
   "lat": 8.619543,
   "lng": 0.824782,
   "currencycode": "XOF",
   "currencyname": "CFA Franc BCEAO",
   "tld": ".tg",
   "languages": "fr-TG,ee,hna,kbp,dag,ha"
 },
 {
   "id": "a6828f34-3f12-48fe-88b6-b22bf7424437",
   "countryname": "British Virgin Islands",
   "countrycode": "VG",
   "countrycode3": "VGB",
   "dialcode": "1-284",
   "capital": "Road Town",
   "continentcode": "NA",
   "area": 1530,
   "population": 21730,
   "lat": 18.420695,
   "lng": -64.639968,
   "currencycode": "USD",
   "currencyname": "US Dollar",
   "tld": ".vg",
   "languages": "en-VG"
 },
 {
   "id": "2ac19b1b-dfee-4ba9-8951-2ddc232e826b",
   "countryname": "U.S. Virgin Islands",
   "countrycode": "VI",
   "countrycode3": "VIR",
   "dialcode": "1-340",
   "capital": "Charlotte Amalie",
   "continentcode": "NA",
   "area": 3520,
   "population": 108708,
   "lat": 18.335765,
   "lng": -64.896335,
   "currencycode": "USD",
   "currencyname": "US Dollar",
   "tld": ".vi",
   "languages": "en-VI"
 },
 {
   "id": "f9d0a56a-978c-4407-a2a0-7fe1c437a37f",
   "countryname": "Vietnam",
   "countrycode": "VN",
   "countrycode3": "VNM",
   "dialcode": "84",
   "capital": "Hanoi",
   "continentcode": "AS",
   "area": 3295600,
   "population": 89571130,
   "lat": 14.058324,
   "lng": 108.277199,
   "currencycode": "VND",
   "currencyname": "Dong",
   "tld": ".vn",
   "languages": "vi,en,fr,zh,km"
 },
 {
   "id": "b561266b-7a3b-417d-8a7d-6d16d82ed2bb",
   "countryname": "Vanuatu",
   "countrycode": "VU",
   "countrycode3": "VUT",
   "dialcode": "678",
   "capital": "Port Vila",
   "continentcode": "OC",
   "area": 122000,
   "population": 221552,
   "lat": -15.376706,
   "lng": 166.959158,
   "currencycode": "VUV",
   "currencyname": "Vatu",
   "tld": ".vu",
   "languages": "bi,en-VU,fr-VU"
 },
 {
   "id": "9d53d5a7-66fc-4b19-91ec-26dbd9c8d0d7",
   "countryname": "Wallis and Futuna",
   "countrycode": "WF",
   "countrycode3": "WLF",
   "dialcode": "681",
   "capital": "Mata Utu",
   "continentcode": "OC",
   "area": 2740,
   "population": 16025,
   "lat": -13.768752,
   "lng": -177.156097,
   "currencycode": "XPF",
   "currencyname": "CFP Franc",
   "tld": ".wf",
   "languages": "wls,fud,fr-WF"
 },
 {
   "id": "f444d897-74ee-4dc3-aca6-cfaaa7edd70a",
   "countryname": "Samoa",
   "countrycode": "WS",
   "countrycode3": "WSM",
   "dialcode": "685",
   "capital": "Apia",
   "continentcode": "OC",
   "area": 29440,
   "population": 192001,
   "lat": -13.759029,
   "lng": -172.104629,
   "currencycode": "WST",
   "currencyname": "Tala",
   "tld": ".ws",
   "languages": "sm,en-WS"
 },
 {
   "id": "411bcfcc-d07b-453b-8cc0-5df9efc7353a",
   "countryname": "Yemen",
   "countrycode": "YE",
   "countrycode3": "YEM",
   "dialcode": "967",
   "capital": "Sanaa",
   "continentcode": "AS",
   "area": 5279700,
   "population": 23495361,
   "lat": 15.552727,
   "lng": 48.516388,
   "currencycode": "YER",
   "currencyname": "Yemeni Rial",
   "tld": ".ye",
   "languages": "ar-YE"
 },
 {
   "id": "8f7318a7-99d0-4401-8b4d-83cf4bbf9c06",
   "countryname": "Mayotte",
   "countrycode": "YT",
   "countrycode3": "MYT",
   "dialcode": "262",
   "capital": "Mamoudzou",
   "continentcode": "AF",
   "area": 3740,
   "population": 159042,
   "lat": -12.8275,
   "lng": 45.166244,
   "currencycode": "EUR",
   "currencyname": "Euro",
   "tld": ".yt",
   "languages": "fr-YT"
 },
 {
   "id": "0c2e47d5-4c30-4120-b2a3-be43cab1b8e7",
   "countryname": "South Africa",
   "countrycode": "ZA",
   "countrycode3": "ZAF",
   "dialcode": "27",
   "capital": "Pretoria",
   "continentcode": "AF",
   "area": 12199120,
   "population": 49000000,
   "lat": -30.559482,
   "lng": 22.937506,
   "currencycode": "ZAR",
   "currencyname": "Rand",
   "tld": ".za",
   "languages": "zu,xh,af,nso,en-ZA,tn,st,ts,ss,ve,nr"
 },
 {
   "id": "82f2f239-c70c-42c5-881a-78fb18b381bb",
   "countryname": "Zambia",
   "countrycode": "ZM",
   "countrycode3": "ZMB",
   "dialcode": "260",
   "capital": "Lusaka",
   "continentcode": "AF",
   "area": 7526140,
   "population": 13460305,
   "lat": -13.133897,
   "lng": 27.849332,
   "currencycode": "ZMW",
   "currencyname": "Zambian Kwacha",
   "tld": ".zm",
   "languages": "en-ZM,bem,loz,lun,lue,ny,toi"
 },
 {
   "id": "3c8596b6-ed40-422f-bac1-2c9b664810ce",
   "countryname": "Zimbabwe",
   "countrycode": "ZW",
   "countrycode3": "ZWE",
   "dialcode": "263",
   "capital": "Harare",
   "continentcode": "AF",
   "area": 3905800,
   "population": 13061000,
   "lat": -19.015438,
   "lng": 29.154857,
   "currencycode": "ZWL",
   "currencyname": "Zimbabwe Dollar",
   "tld": ".zw",
   "languages": "en-ZW,sn,nr,nd"
 },
 {
   "id": "58f1c9ac-6252-4678-b257-c9fd6389e4b7",
   "countryname": "Austria",
   "countrycode": "AT",
   "countrycode3": "AUT",
   "dialcode": "43",
   "capital": "Vienna",
   "continentcode": "EU",
   "area": 838580,
   "population": 8205000,
   "lat": 47.516231,
   "lng": 14.550072,
   "currencycode": "EUR",
   "currencyname": "Euro",
   "tld": ".at",
   "languages": "de-AT,hr,hu,sl"
 },
 {
   "id": "290c1fc1-9118-4013-bea4-12aa28ae77d0",
   "countryname": "Australia",
   "countrycode": "AU",
   "countrycode3": "AUS",
   "dialcode": "61",
   "capital": "Canberra",
   "continentcode": "OC",
   "area": 76868500,
   "population": 21515754,
   "lat": -25.274398,
   "lng": 133.775136,
   "currencycode": "AUD",
   "currencyname": "Australian Dollar",
   "tld": ".au",
   "languages": "en-AU"
 },
 {
   "id": "104e79ba-53de-4189-b06c-2b8c60a21263",
   "countryname": "Aruba",
   "countrycode": "AW",
   "countrycode3": "ABW",
   "dialcode": "297",
   "capital": "Oranjestad",
   "continentcode": "NA",
   "area": 1930,
   "population": 71566,
   "lat": 12.52111,
   "lng": -69.968338,
   "currencycode": "AWG",
   "currencyname": "Aruban Florin",
   "tld": ".aw",
   "languages": "nl-AW,es,en"
 },
 {
   "id": "193f95e2-a294-487e-8b13-a45e66a4fb26",
   "countryname": "Azerbaijan",
   "countrycode": "AZ",
   "countrycode3": "AZE",
   "dialcode": "994",
   "capital": "Baku",
   "continentcode": "AS",
   "area": 866000,
   "population": 8303512,
   "lat": 40.143105,
   "lng": 47.576927,
   "currencycode": "AZN",
   "currencyname": "Azerbaijanian Manat",
   "tld": ".az",
   "languages": "az,ru,hy"
 },
 {
   "id": "6f0b4c44-4b74-487f-b94b-39744c9731a1",
   "countryname": "Bosnia and Herzegovina",
   "countrycode": "BA",
   "countrycode3": "BIH",
   "dialcode": "387",
   "capital": "Sarajevo",
   "continentcode": "EU",
   "area": 511290,
   "population": 4590000,
   "lat": 43.915886,
   "lng": 17.679076,
   "currencycode": "BAM",
   "currencyname": "Convertible Mark",
   "tld": ".ba",
   "languages": "bs,hr-BA,sr-BA"
 },
 {
   "id": "a4da7682-96a4-44bd-8264-13641addae1f",
   "countryname": "Barbados",
   "countrycode": "BB",
   "countrycode3": "BRB",
   "dialcode": "1-246",
   "capital": "Bridgetown",
   "continentcode": "NA",
   "area": 4310,
   "population": 285653,
   "lat": 13.193887,
   "lng": -59.543198,
   "currencycode": "BBD",
   "currencyname": "Barbados Dollar",
   "tld": ".bb",
   "languages": "en-BB"
 },
 {
   "id": "f9a16d9e-259f-42b2-b716-5dfc99463114",
   "countryname": "Bangladesh",
   "countrycode": "BD",
   "countrycode3": "BGD",
   "dialcode": "880",
   "capital": "Dhaka",
   "continentcode": "AS",
   "area": 1440000,
   "population": 156118464,
   "lat": 23.684994,
   "lng": 90.356331,
   "currencycode": "BDT",
   "currencyname": "Taka",
   "tld": ".bd",
   "languages": "bn-BD,en"
 },
 {
   "id": "b32e1ca4-e705-4383-aa0b-577af4a796f1",
   "countryname": "Thailand",
   "countrycode": "TH",
   "countrycode3": "THA",
   "dialcode": "66",
   "capital": "Bangkok",
   "continentcode": "AS",
   "area": 5140000,
   "population": 67089500,
   "lat": 15.870032,
   "lng": 100.992541,
   "currencycode": "THB",
   "currencyname": "Baht",
   "tld": ".th",
   "languages": "th,en"
 },
 {
   "id": "bb6449d2-eb95-45fa-9ba1-31c36aff83cc",
   "countryname": "Tajikistan",
   "countrycode": "TJ",
   "countrycode3": "TJK",
   "dialcode": "992",
   "capital": "Dushanbe",
   "continentcode": "AS",
   "area": 1431000,
   "population": 7487489,
   "lat": 38.861034,
   "lng": 71.276093,
   "currencycode": "TJS",
   "currencyname": "Somoni",
   "tld": ".tj",
   "languages": "tg,ru"
 },
 {
   "id": "dd62275b-3aea-430c-b7af-cec677ecb92d",
   "countryname": "Tokelau",
   "countrycode": "TK",
   "countrycode3": "TKL",
   "dialcode": "690",
   "capital": "",
   "continentcode": "OC",
   "area": 100,
   "population": 1466,
   "lat": -8.967363,
   "lng": -171.855881,
   "currencycode": "NZD",
   "currencyname": "New Zealand Dollar",
   "tld": ".tk",
   "languages": "tkl,en-TK"
 },
 {
   "id": "4dcf6fef-c914-40cc-9769-81e6e9e6b59b",
   "countryname": "Timor-Leste",
   "countrycode": "TL",
   "countrycode3": "TLS",
   "dialcode": "670",
   "capital": "Dili",
   "continentcode": "OC",
   "area": 150070,
   "population": 1154625,
   "lat": -8.874217,
   "lng": 125.727539,
   "currencycode": "USD",
   "currencyname": "US Dollar",
   "tld": ".tl",
   "languages": "tet,pt-TL,id,en"
 },
 {
   "id": "27294a42-dad0-4228-9985-9bf03469aaea",
   "countryname": "Turkmenistan",
   "countrycode": "TM",
   "countrycode3": "TKM",
   "dialcode": "993",
   "capital": "Ashgabat",
   "continentcode": "AS",
   "area": 4881000,
   "population": 4940916,
   "lat": 38.969719,
   "lng": 59.556278,
   "currencycode": "TMT",
   "currencyname": "Turkmenistan New Manat",
   "tld": ".tm",
   "languages": "tk,ru,uz"
 },
 {
   "id": "26dea673-b513-4810-81de-c8a89cd8888e",
   "countryname": "Tunisia",
   "countrycode": "TN",
   "countrycode3": "TUN",
   "dialcode": "216",
   "capital": "Tunis",
   "continentcode": "AF",
   "area": 1636100,
   "population": 10589025,
   "lat": 33.886917,
   "lng": 9.537499,
   "currencycode": "TND",
   "currencyname": "Tunisian Dinar",
   "tld": ".tn",
   "languages": "ar-TN,fr"
 },
 {
   "id": "d3a56719-709e-4fec-a857-b7c211dc5898",
   "countryname": "Tonga",
   "countrycode": "TO",
   "countrycode3": "TON",
   "dialcode": "676",
   "capital": "Nuku'alofa",
   "continentcode": "OC",
   "area": 7480,
   "population": 122580,
   "lat": -21.178986,
   "lng": -175.198242,
   "currencycode": "TOP",
   "currencyname": "Paanga",
   "tld": ".to",
   "languages": "to,en-TO"
 },
 {
   "id": "a699670c-71f1-40b8-b40b-32ba01d3f0c0",
   "countryname": "Turkey",
   "countrycode": "TR",
   "countrycode3": "TUR",
   "dialcode": "90",
   "capital": "Ankara",
   "continentcode": "AS",
   "area": 7805800,
   "population": 77804122,
   "lat": 38.963745,
   "lng": 35.243322,
   "currencycode": "TRY",
   "currencyname": "Turkish Lira",
   "tld": ".tr",
   "languages": "tr-TR,ku,diq,az,av"
 },
 {
   "id": "aaa71e2c-613a-47a9-875c-cd4882aaf753",
   "countryname": "Trinidad and Tobago",
   "countrycode": "TT",
   "countrycode3": "TTO",
   "dialcode": "1-868",
   "capital": "Port of Spain",
   "continentcode": "NA",
   "area": 51280,
   "population": 1328019,
   "lat": 10.691803,
   "lng": -61.222503,
   "currencycode": "TTD",
   "currencyname": "Trinidad and Tobago Dollar",
   "tld": ".tt",
   "languages": "en-TT,hns,fr,es,zh"
 },
 {
   "id": "e807a9f8-fdf6-402c-80b3-94daa94e59d8",
   "countryname": "Tuvalu",
   "countrycode": "TV",
   "countrycode3": "TUV",
   "dialcode": "688",
   "capital": "Funafuti",
   "continentcode": "OC",
   "area": 260,
   "population": 10472,
   "lat": -7.109535,
   "lng": 177.64933,
   "currencycode": "AUD",
   "currencyname": "Australian Dollar",
   "tld": ".tv",
   "languages": "tvl,en,sm,gil"
 },
 {
   "id": "efed67f1-c8fe-47cc-a981-ecd6e6c8429e",
   "countryname": "Taiwan",
   "countrycode": "TW",
   "countrycode3": "TWN",
   "dialcode": "886",
   "capital": "Taipei",
   "continentcode": "AS",
   "area": 359800,
   "population": 22894384,
   "lat": 23.69781,
   "lng": 120.960515,
   "currencycode": "",
   "currencyname": "",
   "tld": ".tw",
   "languages": "zh-TW,zh,nan,hak"
 },
 {
   "id": "e9d2a634-3edc-46d4-bd06-892e543123e6",
   "countryname": "Tanzania",
   "countrycode": "TZ",
   "countrycode3": "TZA",
   "dialcode": "255",
   "capital": "Dodoma",
   "continentcode": "AF",
   "area": 9450870,
   "population": 41892895,
   "lat": -6.369028,
   "lng": 34.888822,
   "currencycode": "TZS",
   "currencyname": "Tanzanian Shilling",
   "tld": ".tz",
   "languages": "sw-TZ,en,ar"
 },
 {
   "id": "5eadf3e7-93d5-4e36-a675-d5d3050a639d",
   "countryname": "Ukraine",
   "countrycode": "UA",
   "countrycode3": "UKR",
   "dialcode": "380",
   "capital": "Kyiv",
   "continentcode": "EU",
   "area": 6037000,
   "population": 45415596,
   "lat": 48.379433,
   "lng": 31.16558,
   "currencycode": "UAH",
   "currencyname": "Hryvnia",
   "tld": ".ua",
   "languages": "uk,ru-UA,rom,pl,hu"
 },
 {
   "id": "f7175682-304e-48fd-9ae1-179a73deb0f6",
   "countryname": "Uganda",
   "countrycode": "UG",
   "countrycode3": "UGA",
   "dialcode": "256",
   "capital": "Kampala",
   "continentcode": "AF",
   "area": 2360400,
   "population": 33398682,
   "lat": 1.373333,
   "lng": 32.290275,
   "currencycode": "UGX",
   "currencyname": "Uganda Shilling",
   "tld": ".ug",
   "languages": "en-UG,lg,sw,ar"
 },
 {
   "id": "80f57d8f-6573-4bc9-b510-8ad5d9b60f7a",
   "countryname": "U.S. Minor Outlying Islands",
   "countrycode": "UM",
   "countrycode3": "UMI",
   "dialcode": "",
   "capital": "",
   "continentcode": "OC",
   "area": 0,
   "population": 0,
   "lat": null,
   "lng": null,
   "currencycode": "",
   "currencyname": "",
   "tld": ".um",
   "languages": "en-UM"
 },
 {
   "id": "47e8b340-4730-4e64-8cd4-520d237583a5",
   "countryname": "United States",
   "countrycode": "US",
   "countrycode3": "USA",
   "dialcode": "1",
   "capital": "Washington",
   "continentcode": "NA",
   "area": 96290910,
   "population": 310232863,
   "lat": 37.09024,
   "lng": -95.712891,
   "currencycode": "USD",
   "currencyname": "US Dollar",
   "tld": ".us",
   "languages": "en-US,es-US,haw,fr"
 },
 {
   "id": "7181a717-ec62-49b3-a817-c28feb883950",
   "countryname": "Uruguay",
   "countrycode": "UY",
   "countrycode3": "URY",
   "dialcode": "598",
   "capital": "Montevideo",
   "continentcode": "SA",
   "area": 1762200,
   "population": 3477000,
   "lat": -32.522779,
   "lng": -55.765835,
   "currencycode": "UYU",
   "currencyname": "Peso Uruguayo",
   "tld": ".uy",
   "languages": "es-UY"
 },
 {
   "id": "276e7f2d-f630-4a18-8710-3966026f86d9",
   "countryname": "Uzbekistan",
   "countrycode": "UZ",
   "countrycode3": "UZB",
   "dialcode": "998",
   "capital": "Tashkent",
   "continentcode": "AS",
   "area": 4474000,
   "population": 27865738,
   "lat": 41.377491,
   "lng": 64.585262,
   "currencycode": "UZS",
   "currencyname": "Uzbekistan Sum",
   "tld": ".uz",
   "languages": "uz,ru,tg"
 },
 {
   "id": "a56d2252-6300-4d51-b1c3-680eebd2387d",
   "countryname": "Vatican City",
   "countrycode": "VA",
   "countrycode3": "VAT",
   "dialcode": "39-06",
   "capital": "Vatican City",
   "continentcode": "EU",
   "area": 4,
   "population": 921,
   "lat": 41.902916,
   "lng": 12.453389,
   "currencycode": "EUR",
   "currencyname": "Euro",
   "tld": ".va",
   "languages": "la,it,fr"
 },
 {
   "id": "f39a3d2b-0cb7-4923-b2b2-78798feb6ca5",
   "countryname": "Saint Vincent and the Grenadines",
   "countrycode": "VC",
   "countrycode3": "VCT",
   "dialcode": "1-784",
   "capital": "Kingstown",
   "continentcode": "NA",
   "area": 3890,
   "population": 104217,
   "lat": 12.984305,
   "lng": -61.287228,
   "currencycode": "XCD",
   "currencyname": "East Caribbean Dollar",
   "tld": ".vc",
   "languages": "en-VC,fr"
 },
 {
   "id": "3b4c9960-1860-47ad-b9e3-2aeea00560b7",
   "countryname": "Venezuela",
   "countrycode": "VE",
   "countrycode3": "VEN",
   "dialcode": "58",
   "capital": "Caracas",
   "continentcode": "SA",
   "area": 9120500,
   "population": 27223228,
   "lat": 6.42375,
   "lng": -66.58973,
   "currencycode": "VEF",
   "currencyname": "Bolivar",
   "tld": ".ve",
   "languages": "es-VE"
 }
]